Year,Team,Rk,Conf,AdjEM,AdjO,Strength_of_Schedule_AdjD,NCSOS_AdjT,Seed,W,L
2002,Duke,1,ACC,34.19,121.0,1,86.8,1,31,4
2002,Cincinnati,2,CUSA,30.19,118.1,7,87.9,1,31,4
2002,Maryland,3,ACC,29.25,119.2,4,89.9,1,32,4
2002,Kansas,4,B12,28.99,118.7,5,89.7,1,33,4
2002,Oklahoma,5,B12,26.04,114.9,20,88.9,2,31,5
2002,Indiana,6,B10,24.8,114.0,26,89.2,5,25,12
2002,Florida,7,SEC,24.72,115.1,19,90.4,5,22,9
2002,Illinois,8,B10,23.21,115.7,17,92.5,4,26,9
2002,Oregon,9,P10,22.97,119.2,3,96.3,2,26,9
2002,Kentucky,10,SEC,22.21,113.4,29,91.2,4,22,10
2002,Marquette,11,CUSA,21.47,113.4,30,91.9,5,26,7
2002,USC,12,P10,20.67,112.8,36,92.1,4,22,10
2002,Arizona,13,P10,20.54,119.3,2,98.8,3,24,10
2002,Kent St.,14,MAC,20.39,116.7,8,96.4,10,29,6
2002,Stanford,15,P10,20.32,116.6,10,96.3,8,20,10
2002,Pittsburgh,16,BE,19.94,112.1,39,92.2,3,29,6
2002,Ohio St.,17,B10,19.76,116.4,11,96.6,4,24,8
2002,Connecticut,18,BE,19.36,112.2,38,92.8,2,27,7
2002,Notre Dame,19,BE,19.27,116.1,14,96.8,8,21,11
2002,N.C. State,21,ACC,19.15,113.2,33,94.0,7,23,11
2002,Alabama,22,SEC,18.73,114.0,24,95.3,2,27,8
2002,Xavier,23,A10,18.6,111.2,48,92.6,7,26,6
2002,Gonzaga,24,WCC,18.51,115.6,18,97.1,6,28,4
2002,Georgia,25,SEC,18.44,116.7,9,98.3,3,22,9
2002,Mississippi St.,26,SEC,18.25,111.4,43,93.1,3,27,8
2002,Texas,27,B12,17.69,116.0,15,98.3,6,22,12
2002,Missouri,29,B12,17.49,116.2,12,98.7,12,24,12
2002,Wake Forest,30,ACC,17.35,118.6,6,101.3,7,21,13
2002,Texas Tech,31,B12,17.24,114.6,21,97.4,6,23,9
2002,Michigan St.,32,B10,16.86,113.0,34,96.2,10,19,12
2002,Mississippi,34,SEC,16.68,113.3,31,96.7,9,19,11
2002,UCLA,35,P10,16.34,113.7,27,97.3,8,21,12
2002,California,37,P10,16.03,109.8,66,93.7,6,23,9
2002,Oklahoma St.,38,B12,15.8,107.9,88,92.1,7,23,9
2002,Miami FL,39,BE,15.77,110.5,56,94.7,5,24,8
2002,Charlotte,40,CUSA,15.73,114.2,23,98.5,9,18,12
2002,Tulsa,41,WAC,15.59,116.0,16,100.4,12,26,7
2002,Western Kentucky,44,SB,14.51,110.5,55,96.0,9,26,4
2002,Utah,45,MWC,14.08,111.4,44,97.3,12,19,9
2002,Valparaiso,47,MCon,13.63,111.5,42,97.8,13,24,8
2002,Southern Illinois,49,MVC,13.45,109.2,73,95.7,11,28,8
2002,Wisconsin,50,B10,13.22,110.7,53,97.5,8,18,13
2002,Hawaii,51,WAC,13.15,110.3,58,97.2,10,26,6
2002,Penn,58,Ivy,12.23,110.2,60,98.0,11,25,7
2002,Creighton,59,MVC,11.82,111.3,47,99.5,12,23,9
2002,Pepperdine,62,WCC,11.72,111.1,49,99.3,10,21,9
2002,UNC Wilmington,65,CAA,11.32,107.4,98,96.1,13,23,10
2002,Wyoming,67,MWC,11.01,107.8,91,96.7,11,22,9
2002,Boston College,71,BE,9.97,109.4,70,99.4,11,20,12
2002,San Diego St.,74,MWC,9.29,106.9,104,97.6,13,21,12
2002,St. John's,76,BE,9.06,102.7,170,93.6,9,20,12
2002,UC Santa Barbara,77,BW,8.87,108.2,81,99.3,14,19,11
2002,McNeese St.,100,Slnd,5.39,103.2,157,97.8,14,20,9
2002,Hampton,116,MEAC,3.99,109.9,64,105.9,15,25,7
2002,Illinois Chicago,118,Horz,3.85,108.9,74,105.0,15,18,14
2002,Davidson,119,SC,3.7,101.5,187,97.8,13,18,10
2002,Murray St.,146,OVC,1.35,106.8,106,105.5,14,17,13
2002,Central Connecticut,150,NEC,0.93,100.6,202,99.7,14,27,5
2002,Holy Cross,162,Pat,-0.24,98.1,245,98.4,16,18,15
2002,Siena,174,MAAC,-1.21,100.8,201,102.0,16,17,19
2002,Florida Atlantic,191,ASun,-2.5,99.6,220,102.1,15,18,12
2002,Boston University,194,AE,-2.74,101.3,192,104.0,16,22,10
2002,Montana,210,BSky,-4.51,102.4,176,106.9,15,14,15
2002,Winthrop,219,BSth,-5.31,97.3,258,102.6,16,17,12
2002,Alcorn St.,252,SWAC,-8.71,100.1,213,108.8,16,20,10
2003,Kentucky,1,SEC,29.18,116.5,5,87.4,1,32,4
2003,Kansas,2,B12,28.62,115.0,12,86.4,2,30,8
2003,Pittsburgh,3,BE,28.61,114.8,14,86.2,2,28,5
2003,Arizona,4,P10,26.8,115.6,10,88.8,1,28,4
2003,Illinois,5,B10,24.47,113.2,22,88.7,4,25,7
2003,Duke,6,ACC,23.75,115.0,13,91.3,3,26,7
2003,Texas,7,B12,23.49,119.3,3,95.8,1,26,7
2003,Syracuse,8,BE,23.28,114.4,17,91.1,3,30,5
2003,Oklahoma,9,B12,23.01,112.1,25,89.1,1,27,7
2003,Louisville,10,CUSA,22.75,115.8,9,93.0,4,25,7
2003,Florida,11,SEC,22.14,116.5,6,94.4,2,25,8
2003,Wisconsin,12,B10,22.07,114.4,16,92.4,5,24,8
2003,Maryland,13,ACC,22.0,110.9,34,88.9,6,21,10
2003,Mississippi St.,14,SEC,21.53,107.4,79,85.8,5,21,10
2003,Marquette,15,CUSA,21.3,120.5,2,99.2,3,27,6
2003,Saint Joseph's,17,A10,20.75,109.0,58,88.3,7,23,7
2003,Notre Dame,18,BE,20.31,116.5,7,96.2,5,24,10
2003,Michigan St.,19,B10,20.26,110.1,43,89.9,7,22,13
2003,Xavier,20,A10,19.88,113.8,19,94.0,3,26,6
2003,Wake Forest,21,ACC,19.87,114.5,15,94.6,2,25,6
2003,Connecticut,22,BE,19.54,111.6,26,92.0,5,23,10
2003,LSU,23,SEC,18.15,111.0,33,92.8,8,21,11
2003,BYU,24,MWC,17.68,109.4,52,91.7,12,23,9
2003,Oklahoma St.,25,B12,17.67,105.9,100,88.2,6,22,10
2003,Creighton,26,MVC,17.54,112.4,24,94.9,6,29,5
2003,Purdue,27,B10,17.42,107.0,87,89.6,9,19,11
2003,Missouri,28,B12,17.32,111.5,27,94.2,6,22,11
2003,Memphis,29,CUSA,16.72,110.9,35,94.1,7,23,7
2003,Arizona St.,30,P10,16.49,113.9,18,97.4,10,20,12
2003,Butler,31,Horz,16.09,115.4,11,99.3,12,27,6
2003,Gonzaga,33,WCC,15.58,113.2,21,97.7,9,24,9
2003,Colorado,34,B12,15.27,109.1,56,93.8,10,20,12
2003,Cincinnati,36,CUSA,14.69,105.0,116,90.3,8,17,12
2003,UNC Wilmington,37,CAA,14.62,109.5,49,94.9,11,24,7
2003,Alabama,38,SEC,14.6,110.3,39,95.7,10,17,12
2003,Stanford,39,P10,14.57,109.8,46,95.2,4,24,9
2003,Dayton,40,A10,14.53,116.4,8,101.9,4,24,6
2003,Indiana,41,B10,14.48,113.4,20,98.9,7,21,13
2003,Oregon,42,P10,14.25,111.4,29,97.1,8,23,10
2003,Utah,44,MWC,14.04,106.6,91,92.6,9,25,8
2003,Auburn,46,SEC,13.63,107.7,74,94.1,10,22,12
2003,California,47,P10,13.59,109.9,45,96.3,8,22,9
2003,Penn,48,Ivy,13.35,110.3,41,96.9,11,22,6
2003,N.C. State,50,ACC,13.18,111.2,30,98.1,9,18,13
2003,Tulsa,51,WAC,13.04,107.9,70,94.9,13,23,10
2003,Milwaukee,52,Horz,12.97,109.0,60,96.0,12,23,8
2003,Southern Illinois,55,MVC,11.76,110.3,40,98.6,11,24,7
2003,Western Kentucky,56,SB,11.75,108.0,65,96.3,13,24,9
2003,Holy Cross,66,Pat,10.4,105.5,107,95.1,14,25,5
2003,Manhattan,68,MAAC,10.04,105.5,106,95.4,14,23,7
2003,Central Michigan,70,MAC,10.01,109.5,51,99.4,11,25,7
2003,Weber St.,76,BSky,8.88,111.4,28,102.5,12,25,5
2003,San Diego,80,WCC,8.32,104.7,119,96.4,13,17,12
2003,Utah St.,88,BW,7.41,107.1,85,99.7,15,22,9
2003,Troy St.,99,ASun,6.15,106.9,88,100.8,14,25,6
2003,Colorado St.,104,MWC,5.96,110.6,37,104.6,14,17,14
2003,Austin Peay,135,OVC,2.65,100.7,197,98.0,13,20,8
2003,East Tennessee St.,147,SC,1.75,101.3,186,99.6,15,17,11
2003,Vermont,150,AE,1.57,101.1,191,99.5,16,19,11
2003,Sam Houston St.,157,Slnd,0.82,101.5,179,100.6,15,21,7
2003,IUPUI,161,MCon,0.46,102.9,153,102.5,16,19,14
2003,Wagner,179,NEC,-1.16,104.7,118,105.9,15,21,11
2003,South Carolina St.,244,MEAC,-8.59,96.4,260,105.0,16,20,11
2003,Texas Southern,260,SWAC,-10.45,98.3,238,108.7,16,18,13
2003,UNC Asheville,283,BSth,-12.35,101.2,187,113.5,16,14,17
2004,Duke,1,ACC,32.33,120.8,2,88.5,1,31,6
2004,Connecticut,2,BE,28.3,117.8,9,89.5,2,33,6
2004,Saint Joseph's,3,A10,27.66,118.9,5,91.2,1,30,2
2004,Oklahoma St.,4,B12,27.37,118.5,6,91.1,2,31,4
2004,Pittsburgh,5,BE,25.91,114.1,20,88.2,3,31,5
2004,Wisconsin,6,B10,25.74,116.0,14,90.3,6,25,7
2004,Gonzaga,7,WCC,25.34,120.8,3,95.5,2,28,3
2004,Georgia Tech,8,ACC,24.69,113.5,28,88.8,3,28,10
2004,N.C. State,9,ACC,23.98,119.1,4,95.1,3,21,10
2004,Kentucky,10,SEC,23.35,113.5,26,90.1,1,27,5
2004,North Carolina,11,ACC,23.23,117.4,10,94.1,6,19,11
2004,Stanford,12,P10,22.52,111.9,42,89.3,1,30,2
2004,Illinois,13,B10,22.11,117.8,8,95.7,5,26,7
2004,Mississippi St.,14,SEC,21.74,114.7,18,92.9,2,26,4
2004,Wake Forest,15,ACC,21.69,121.6,1,99.9,4,21,10
2004,Cincinnati,16,CUSA,21.56,116.1,13,94.5,4,25,7
2004,Texas,17,B12,21.54,115.6,16,94.1,3,25,8
2004,Kansas,18,B12,20.89,112.3,38,91.4,4,24,9
2004,Louisville,19,CUSA,20.44,107.1,94,86.6,10,20,10
2004,Nevada,20,WAC,20.27,112.3,39,92.0,10,25,9
2004,Xavier,21,A10,20.16,113.8,21,93.6,7,26,11
2004,Maryland,22,ACC,19.81,110.9,52,91.1,4,20,12
2004,Vanderbilt,23,SEC,18.64,113.6,23,95.0,6,23,10
2004,Providence,24,BE,18.32,112.3,40,93.9,5,20,9
2004,Florida,25,SEC,18.26,116.9,12,98.6,5,20,11
2004,Seton Hall,27,BE,17.35,112.3,37,95.0,8,21,10
2004,Texas Tech,28,B12,17.11,111.4,46,94.3,8,23,11
2004,Alabama,29,SEC,16.5,114.7,17,98.2,8,20,13
2004,Syracuse,30,BE,16.34,113.1,31,96.7,5,23,8
2004,Western Michigan,31,MAC,16.29,114.3,19,98.0,11,26,5
2004,Arizona,32,P10,16.18,118.5,7,102.3,9,20,10
2004,Memphis,33,CUSA,16.17,111.8,43,95.6,7,22,8
2004,Michigan St.,34,B10,15.66,117.2,11,101.5,7,18,12
2004,BYU,35,MWC,15.64,113.0,32,97.4,12,21,9
2004,Air Force,36,MWC,15.42,111.4,47,96.0,11,22,7
2004,Boston College,37,BE,15.42,110.5,55,95.1,6,24,10
2004,Richmond,38,A10,15.07,105.9,109,90.9,11,20,13
2004,South Carolina,39,SEC,15.02,109.7,64,94.7,10,23,11
2004,UTEP,41,WAC,14.69,112.5,36,97.8,13,24,8
2004,Southern Illinois,42,MVC,14.33,109.1,70,94.8,9,25,5
2004,Charlotte,43,CUSA,14.25,112.7,34,98.5,9,21,9
2004,Utah,45,MWC,14.13,110.1,60,96.0,11,24,9
2004,UAB,46,CUSA,13.63,108.1,79,94.5,9,22,10
2004,Manhattan,48,MAAC,13.38,109.1,71,95.7,12,25,6
2004,DePaul,58,CUSA,11.36,113.0,33,101.6,7,22,10
2004,Washington,60,P10,10.78,113.1,30,102.3,8,19,12
2004,Murray St.,61,OVC,10.62,110.5,56,99.9,12,28,6
2004,Illinois Chicago,63,Horz,10.39,107.5,86,97.1,13,24,8
2004,Louisiana Lafayette,67,SB,10.23,109.2,68,99.0,14,20,9
2004,Dayton,74,A10,9.75,108.1,80,98.4,10,24,9
2004,VCU,81,CAA,9.09,105.6,115,96.5,13,23,8
2004,Pacific,82,BW,8.93,108.6,76,99.7,12,25,8
2004,Northern Iowa,84,MVC,8.78,107.4,92,98.6,14,21,10
2004,East Tennessee St.,85,SC,8.6,104.4,140,95.8,13,27,6
2004,UCF,98,ASun,5.91,103.3,153,97.4,14,25,6
2004,Princeton,108,Ivy,4.86,106.3,106,101.4,14,20,8
2004,Eastern Washington,125,BSky,3.09,105.4,118,102.3,15,17,13
2004,Valparaiso,152,MCon,0.53,100.1,212,99.6,15,18,13
2004,Vermont,172,AE,-1.37,101.0,199,102.4,15,22,9
2004,Liberty,181,BSth,-2.5,98.3,248,100.8,16,18,15
2004,Monmouth,194,NEC,-3.99,98.1,251,102.1,15,21,12
2004,Lehigh,240,Pat,-7.01,97.7,259,104.7,16,20,11
2004,UTSA,248,Slnd,-7.69,98.0,253,105.7,16,19,14
2004,Florida A&M,256,MEAC,-9.35,98.9,239,108.3,16,15,17
2004,Alabama St.,266,SWAC,-10.72,93.8,295,104.5,16,16,15
2005,North Carolina,1,ACC,32.77,122.5,2,89.7,1,33,4
2005,Illinois,2,B10,32.68,122.3,3,89.6,1,37,2
2005,Duke,3,ACC,27.41,115.7,13,88.3,1,27,6
2005,Louisville,4,CUSA,25.78,118.8,8,93.0,4,33,5
2005,Michigan St.,5,B10,25.67,119.7,6,94.0,5,26,7
2005,Oklahoma St.,6,B12,25.02,121.2,4,96.2,2,26,7
2005,Villanova,7,BE,25.02,114.7,19,89.7,5,24,8
2005,Wake Forest,8,ACC,24.86,124.3,1,99.5,2,27,6
2005,Kentucky,9,SEC,24.1,113.0,29,88.9,2,28,6
2005,Florida,10,SEC,23.93,116.4,11,92.5,4,24,8
2005,Kansas,11,B12,23.08,115.6,15,92.5,3,23,7
2005,Oklahoma,12,B12,22.55,114.4,21,91.8,3,25,8
2005,Arizona,13,P10,22.22,116.7,10,94.5,3,30,7
2005,Washington,14,P10,22.18,120.6,5,98.4,1,29,6
2005,Connecticut,15,BE,21.94,112.1,38,90.2,2,23,8
2005,Syracuse,16,BE,20.98,115.6,14,94.7,4,27,7
2005,Wisconsin,17,B10,20.81,112.0,39,91.2,6,25,9
2005,Alabama,18,SEC,20.51,118.8,9,98.3,5,24,8
2005,Cincinnati,19,CUSA,20.43,112.5,33,92.0,7,25,8
2005,Utah,20,MWC,20.33,113.1,28,92.7,6,29,6
2005,Utah St.,21,BW,19.62,116.0,12,96.4,14,24,8
2005,Georgia Tech,22,ACC,19.23,109.2,66,90.0,5,20,12
2005,N.C. State,23,ACC,18.93,115.0,17,96.1,10,21,14
2005,Pittsburgh,24,BE,18.41,114.8,18,96.3,9,20,9
2005,Boston College,25,BE,18.3,114.3,23,96.0,4,25,5
2005,Gonzaga,26,WCC,17.88,119.3,7,101.4,3,26,5
2005,Iowa,27,B10,17.17,111.9,40,94.7,10,21,12
2005,Texas,28,B12,17.01,114.1,24,97.1,8,20,11
2005,Southern Illinois,29,MVC,16.75,109.1,69,92.4,7,27,8
2005,New Mexico,31,MWC,15.54,112.8,30,97.3,12,26,7
2005,Texas Tech,32,B12,15.47,110.3,50,94.8,6,22,11
2005,Mississippi St.,34,SEC,15.25,109.3,65,94.0,9,23,11
2005,West Virginia,35,BE,15.0,114.1,25,99.1,7,24,11
2005,Milwaukee,36,Horz,14.69,110.1,52,95.4,12,26,6
2005,George Washington,38,A10,14.41,109.9,56,95.5,12,22,8
2005,Creighton,39,MVC,14.33,114.3,22,100.0,10,23,11
2005,Pacific,40,BW,14.08,114.5,20,100.5,8,27,4
2005,Minnesota,41,B10,14.06,104.0,143,89.9,8,21,11
2005,LSU,42,SEC,13.8,113.9,26,100.1,6,20,10
2005,Vermont,43,AE,13.53,111.3,46,97.8,13,25,7
2005,Northern Iowa,45,MVC,13.36,112.2,37,98.9,11,21,11
2005,Iowa St.,48,B12,13.02,103.1,159,90.1,9,19,12
2005,UAB,51,CUSA,12.51,109.2,67,96.7,11,22,11
2005,Charlotte,54,CUSA,12.15,111.6,42,99.5,7,21,8
2005,Nevada,55,WAC,12.11,104.0,144,91.8,9,25,7
2005,UTEP,58,WAC,11.62,112.7,32,101.1,11,27,8
2005,UCLA,68,P10,10.74,107.8,80,97.1,11,18,11
2005,Stanford,69,P10,10.63,106.6,103,95.9,8,18,13
2005,Old Dominion,73,CAA,10.04,104.7,132,94.6,12,28,6
2005,Louisiana Lafayette,74,SB,9.91,107.1,94,97.2,13,20,11
2005,Penn,77,Ivy,9.6,102.1,181,92.5,13,20,9
2005,Saint Mary's,78,WCC,9.41,106.8,100,97.4,10,25,9
2005,Ohio,85,MAC,8.29,109.8,58,101.5,13,21,11
2005,Bucknell,95,Pat,6.69,102.2,176,95.6,14,23,10
2005,Niagara,106,MAAC,5.43,115.2,16,109.8,14,20,10
2005,Winthrop,108,BSth,4.97,101.5,195,96.5,14,27,6
2005,Southeastern Louisiana,134,Slnd,3.2,97.1,255,93.9,15,24,9
2005,Eastern Kentucky,143,OVC,1.98,102.8,164,100.8,15,22,9
2005,Chattanooga,165,SC,0.03,98.9,229,98.8,15,20,11
2005,Oakland,178,MCon,-1.2,108.1,75,109.3,16,13,19
2005,Fairleigh Dickinson,190,NEC,-2.52,102.7,166,105.2,16,20,13
2005,UCF,192,ASun,-2.56,105.0,126,107.6,15,24,9
2005,Montana,194,BSky,-2.73,99.9,219,102.6,16,18,13
2005,Delaware St.,209,MEAC,-4.95,102.3,175,107.2,16,19,14
2005,Alabama A&M,278,SWAC,-12.49,90.5,316,102.9,16,15,14
2006,Florida,1,SEC,28.28,117.9,3,89.7,3,33,6
2006,Duke,2,ACC,27.54,119.4,1,91.8,1,32,4
2006,Texas,3,B12,25.79,117.5,6,91.7,2,30,7
2006,Connecticut,4,BE,25.44,117.8,5,92.3,1,30,4
2006,Villanova,5,BE,24.59,116.3,11,91.7,1,28,5
2006,Memphis,6,CUSA,23.54,113.2,22,89.6,1,33,4
2006,UCLA,7,P10,23.4,112.7,31,89.3,2,32,7
2006,Kansas,8,B12,23.22,110.4,50,87.2,4,25,8
2006,Illinois,9,B10,23.2,114.5,18,91.3,4,26,7
2006,North Carolina,10,ACC,22.16,115.9,13,93.7,3,23,8
2006,LSU,11,SEC,22.0,109.8,62,87.8,4,27,9
2006,Pittsburgh,12,BE,21.72,112.4,33,90.6,5,25,8
2006,Georgetown,13,BE,21.29,116.5,9,95.2,7,23,10
2006,Ohio St.,14,B10,20.68,113.0,25,92.3,2,26,6
2006,Washington,15,P10,20.09,114.8,16,94.7,5,26,7
2006,West Virginia,16,BE,19.49,116.1,12,96.6,6,22,11
2006,Tennessee,17,SEC,19.44,116.6,8,97.2,2,22,8
2006,Boston College,18,ACC,18.65,117.8,4,99.2,4,28,8
2006,Arkansas,20,SEC,18.47,112.2,34,93.8,8,22,10
2006,Iowa,21,B10,18.22,103.8,154,85.6,3,25,9
2006,George Mason,22,CAA,18.16,109.7,66,91.5,11,27,8
2006,Arizona,23,P10,17.23,112.2,35,95.0,8,20,13
2006,Kentucky,24,SEC,17.13,114.4,19,97.3,8,22,13
2006,Bradley,25,MVC,16.5,107.5,86,91.0,13,22,11
2006,Wichita St.,26,MVC,16.06,111.8,38,95.7,7,26,9
2006,Michigan St.,27,B10,16.02,116.3,10,100.3,6,22,12
2006,N.C. State,30,ACC,15.92,112.5,32,96.6,10,22,10
2006,Texas A&M,31,B12,15.9,106.7,103,90.8,12,22,9
2006,Northern Iowa,32,MVC,15.84,109.0,75,93.1,10,23,10
2006,Gonzaga,33,WCC,15.64,119.1,2,103.5,3,29,4
2006,Indiana,34,B10,15.53,110.0,58,94.4,6,19,12
2006,Marquette,36,BE,15.36,112.8,27,97.4,7,20,11
2006,Nevada,37,WAC,15.22,110.0,57,94.8,5,27,6
2006,Wisconsin,39,B10,14.94,111.5,40,96.6,9,19,12
2006,Air Force,40,MWC,14.87,113.2,21,98.3,13,24,7
2006,UNC Wilmington,42,CAA,14.77,107.2,93,92.4,9,25,8
2006,George Washington,43,A10,14.67,110.3,52,95.6,8,27,3
2006,Oklahoma,45,B12,13.99,113.0,26,99.0,6,20,9
2006,California,47,P10,13.68,110.5,49,96.8,7,20,11
2006,Southern Illinois,48,MVC,13.6,102.9,166,89.3,11,22,11
2006,Syracuse,50,BE,13.15,110.0,60,96.8,5,23,12
2006,San Diego St.,52,MWC,12.78,112.8,29,100.0,11,24,9
2006,Xavier,54,A10,12.73,110.9,48,98.2,14,21,11
2006,UAB,56,CUSA,12.65,109.1,71,96.5,9,24,7
2006,Bucknell,58,Pat,12.56,105.7,119,93.1,9,27,5
2006,Alabama,60,SEC,12.48,112.8,28,100.3,10,18,13
2006,Milwaukee,62,Horz,11.86,108.3,76,96.5,11,22,9
2006,Iona,65,MAAC,11.33,109.7,65,98.4,13,23,8
2006,Pacific,68,BW,10.87,109.8,63,99.0,13,24,8
2006,Utah St.,69,WAC,10.86,113.4,20,102.6,12,23,9
2006,Kent St.,70,MAC,10.54,108.3,77,97.8,12,25,9
2006,Winthrop,73,BSth,10.27,104.4,141,94.2,15,23,8
2006,South Alabama,84,SB,9.28,109.1,72,99.9,14,24,7
2006,Seton Hall,86,BE,9.06,106.5,107,97.4,10,18,12
2006,Montana,87,BSky,8.95,111.6,39,102.7,12,24,7
2006,Murray St.,89,OVC,8.56,104.5,140,96.0,14,24,7
2006,Northwestern St.,93,Slnd,7.51,106.6,105,99.1,14,26,8
2006,Penn,97,Ivy,7.3,101.8,188,94.5,15,20,9
2006,Oral Roberts,112,MCon,5.7,107.1,95,101.4,16,21,12
2006,Davidson,122,SC,4.86,109.9,61,105.0,15,20,11
2006,Albany,138,AE,2.63,106.2,112,103.6,16,21,11
2006,Monmouth,164,NEC,-0.68,95.8,278,96.4,16,19,15
2006,Belmont,165,ASun,-0.73,107.1,94,107.8,15,20,11
2006,Southern,197,SWAC,-3.4,96.2,274,99.6,16,19,13
2006,Hampton,271,MEAC,-10.4,91.9,314,102.3,16,16,16
2007,North Carolina,1,ACC,31.37,121.0,3,89.6,1,31,7
2007,Florida,2,SEC,30.81,122.8,1,92.0,1,35,5
2007,Ohio St.,3,B10,29.33,121.0,4,91.7,1,35,4
2007,Georgetown,4,BE,28.48,122.0,2,93.5,2,30,7
2007,Kansas,5,B12,27.81,115.3,29,87.5,1,33,5
2007,UCLA,6,P10,27.15,115.4,27,88.3,2,30,6
2007,Texas A&M,7,B12,26.97,119.3,7,92.3,3,27,7
2007,Wisconsin,8,B10,25.45,115.6,25,90.1,2,30,6
2007,Memphis,9,CUSA,24.81,115.4,28,90.6,2,33,4
2007,Duke,10,ACC,23.3,113.2,44,89.9,6,22,11
2007,Pittsburgh,11,BE,22.9,118.1,10,95.2,3,29,8
2007,Maryland,12,ACC,22.42,112.4,53,90.0,4,25,9
2007,Kentucky,13,SEC,21.73,117.0,15,95.3,8,22,12
2007,Indiana,14,B10,21.58,115.4,26,93.8,7,21,11
2007,Butler,15,Horz,21.45,118.0,11,96.5,5,29,7
2007,Southern Illinois,16,MVC,21.03,109.8,84,88.8,4,29,7
2007,Michigan St.,17,B10,20.97,112.8,49,91.8,9,23,12
2007,Oregon,18,P10,20.76,118.3,8,97.6,3,29,8
2007,Louisville,19,BE,20.35,113.5,40,93.1,6,24,10
2007,Villanova,21,BE,20.11,113.4,42,93.3,9,22,11
2007,Notre Dame,22,BE,20.02,118.1,9,98.1,6,24,8
2007,Georgia Tech,23,ACC,19.61,116.9,16,97.3,10,20,12
2007,Arizona,24,P10,19.43,119.5,5,100.1,8,20,11
2007,Texas,25,B12,19.24,119.5,6,100.3,4,25,10
2007,Washington St.,27,P10,18.87,111.7,64,92.8,3,26,8
2007,Creighton,28,MVC,18.53,113.8,36,95.3,10,22,11
2007,Purdue,30,B10,18.31,110.7,74,92.4,9,22,12
2007,Tennessee,31,SEC,18.29,115.9,22,97.6,5,24,11
2007,Xavier,32,A10,18.13,117.3,12,99.2,9,25,9
2007,Illinois,36,B10,17.5,107.3,116,89.8,12,23,12
2007,Virginia Tech,37,ACC,17.38,112.4,54,95.0,5,22,12
2007,Marquette,38,BE,17.18,111.8,62,94.6,8,24,10
2007,USC,39,P10,16.86,111.0,72,94.2,5,25,12
2007,UNLV,41,MWC,16.83,112.6,51,95.8,7,30,7
2007,Arkansas,42,SEC,16.62,110.6,77,93.9,12,21,14
2007,Vanderbilt,43,SEC,16.23,115.7,24,99.4,6,22,12
2007,Boston College,44,ACC,16.18,117.3,13,101.1,7,21,12
2007,BYU,46,MWC,16.11,116.7,17,100.6,8,25,9
2007,Nevada,47,WAC,16.09,117.2,14,101.2,7,29,5
2007,Virginia,48,ACC,15.43,114.1,35,98.7,4,21,11
2007,Gonzaga,49,WCC,15.31,115.3,30,100.0,10,23,11
2007,Winthrop,51,BSth,14.81,112.9,48,98.0,11,29,5
2007,VCU,52,CAA,14.55,116.6,18,102.0,11,28,7
2007,Davidson,61,SC,13.32,111.8,61,98.5,13,29,5
2007,Old Dominion,64,CAA,12.7,108.6,99,95.9,12,24,9
2007,Stanford,66,P10,12.37,109.7,86,97.3,11,18,13
2007,Texas Tech,71,B12,10.98,112.2,57,101.3,10,21,13
2007,Miami OH,87,MAC,8.38,105.7,141,97.4,14,18,15
2007,Oral Roberts,88,MCon,8.36,107.1,123,98.7,14,23,11
2007,Texas A&M Corpus Chris,91,Slnd,7.76,114.1,34,106.4,15,26,7
2007,Penn,92,Ivy,7.69,109.8,85,102.1,14,22,9
2007,Holy Cross,93,Pat,7.4,103.0,186,95.6,13,25,9
2007,George Washington,95,A10,7.28,105.0,153,97.7,11,23,9
2007,New Mexico St.,96,WAC,7.27,108.3,101,101.1,13,25,9
2007,Wright St.,100,Horz,6.66,104.5,165,97.8,14,23,10
2007,Long Beach St.,113,BW,5.44,112.2,58,106.8,12,24,8
2007,Belmont,121,ASun,4.38,106.6,132,102.2,15,23,10
2007,Albany,138,AE,2.25,107.4,113,105.2,13,23,10
2007,North Texas,162,SB,-0.98,103.0,187,104.0,15,23,11
2007,Central Connecticut,177,NEC,-2.24,104.1,169,106.3,16,22,12
2007,Eastern Kentucky,182,OVC,-2.58,102.7,191,105.3,16,21,12
2007,Weber St.,184,BSky,-2.71,102.1,203,104.8,15,20,12
2007,Niagara,186,MAAC,-2.76,107.2,119,110.0,16,23,12
2007,Jackson St.,251,SWAC,-9.48,100.2,230,109.7,16,21,14
2007,Florida A&M,254,MEAC,-9.57,100.6,225,110.2,16,21,14
2008,Kansas,1,B12,35.21,120.9,2,85.7,1,37,3
2008,Memphis,2,CUSA,31.51,118.0,6,86.5,1,38,2
2008,North Carolina,3,ACC,30.22,122.1,1,91.9,1,36,3
2008,UCLA,4,P10,29.94,118.0,7,88.1,1,35,4
2008,Wisconsin,5,B10,26.68,113.5,37,86.8,3,31,5
2008,Duke,6,ACC,26.4,116.3,13,89.9,2,28,6
2008,Georgetown,7,BE,25.56,115.2,21,89.7,2,28,6
2008,Louisville,8,BE,25.41,113.1,40,87.7,3,27,9
2008,Texas,9,B12,25.09,120.6,3,95.5,2,31,7
2008,Washington St.,10,P10,24.32,115.1,23,90.8,4,26,9
2008,Davidson,11,SC,23.61,117.0,9,93.4,10,29,7
2008,Stanford,12,P10,22.75,113.6,36,90.9,3,28,8
2008,Tennessee,13,SEC,22.17,116.2,15,94.0,2,31,5
2008,Marquette,14,BE,22.16,115.3,20,93.1,6,25,10
2008,Xavier,15,A10,22.05,117.3,8,95.2,3,30,7
2008,Clemson,16,ACC,22.03,114.0,35,91.9,5,24,10
2008,Drake,17,MVC,21.46,120.0,4,98.5,5,28,5
2008,West Virginia,18,BE,21.29,114.6,27,93.3,7,26,11
2008,Michigan St.,19,B10,21.15,115.8,17,94.7,5,27,9
2008,Butler,20,Horz,19.97,116.2,14,96.2,7,30,4
2008,Texas A&M,21,B12,19.93,112.3,46,92.3,9,25,11
2008,Pittsburgh,22,BE,19.91,116.5,10,96.6,4,27,10
2008,Arizona,23,P10,19.14,116.4,12,97.3,10,19,15
2008,Notre Dame,24,BE,19.07,114.6,26,95.6,5,25,8
2008,Gonzaga,25,WCC,19.05,114.5,30,95.5,7,25,8
2008,Kansas St.,26,B12,18.9,114.2,34,95.3,11,21,12
2008,Connecticut,27,BE,18.9,115.2,22,96.3,4,24,9
2008,USC,28,P10,18.67,110.5,59,91.9,6,21,12
2008,Indiana,29,B10,18.43,114.6,29,96.1,8,25,8
2008,Purdue,30,B10,18.3,110.5,60,92.2,6,25,9
2008,Mississippi St.,33,SEC,16.77,108.2,92,91.5,8,23,11
2008,BYU,35,MWC,15.76,107.4,112,91.7,8,27,8
2008,Oregon,36,P10,15.66,118.8,5,103.1,9,18,14
2008,Miami FL,37,ACC,15.38,112.5,44,97.1,7,23,11
2008,Arkansas,40,SEC,15.19,111.4,53,96.2,9,23,12
2008,Baylor,41,B12,14.82,115.7,19,100.9,11,21,11
2008,Saint Mary's,42,WCC,14.66,109.2,76,94.6,10,25,7
2008,Western Kentucky,43,SB,14.6,111.9,48,97.3,12,29,7
2008,Oklahoma,44,B12,14.47,109.5,74,95.1,6,23,12
2008,Saint Joseph's,45,A10,14.32,115.1,25,100.8,11,21,13
2008,Villanova,46,BE,14.21,109.2,75,95.0,12,22,13
2008,UNLV,48,MWC,13.71,110.2,67,96.5,8,27,8
2008,Kent St.,55,MAC,13.04,107.8,105,94.8,9,28,7
2008,Vanderbilt,56,SEC,12.65,112.3,47,99.6,4,26,8
2008,Temple,57,A10,12.37,112.8,41,100.4,12,21,13
2008,South Alabama,65,SB,11.8,112.6,42,100.8,10,26,7
2008,Oral Roberts,77,Sum,10.27,104.7,153,94.5,13,24,9
2008,Kentucky,78,SEC,10.01,107.8,104,97.8,11,18,13
2008,George Mason,80,CAA,9.68,110.7,58,101.0,12,23,11
2008,Cal St. Fullerton,88,BW,8.47,112.3,45,103.9,14,24,9
2008,Georgia,91,SEC,8.08,104.3,166,96.2,14,17,17
2008,Siena,93,MAAC,7.99,108.6,86,100.7,13,23,11
2008,Winthrop,104,BSth,6.38,99.5,232,93.1,13,22,12
2008,Portland St.,112,BSky,5.4,108.6,87,103.2,16,23,10
2008,San Diego,120,WCC,4.64,101.6,198,97.0,13,22,14
2008,Cornell,123,Ivy,4.41,110.1,69,105.7,14,22,6
2008,Boise St.,126,WAC,3.89,108.7,84,104.8,14,25,9
2008,UMBC,127,AE,3.86,113.2,39,109.3,15,24,9
2008,Belmont,129,ASun,3.53,109.7,71,106.2,15,25,9
2008,American,150,Pat,1.67,107.9,102,106.3,15,21,12
2008,Austin Peay,168,OVC,-0.3,104.6,159,104.9,15,24,11
2008,Mount St. Mary's,173,NEC,-1.32,99.3,233,100.6,16,19,15
2008,UT Arlington,180,Slnd,-2.31,101.3,202,103.6,16,21,12
2008,Coppin St.,298,MEAC,-14.41,92.4,321,106.8,16,16,21
2008,Mississippi Valley St.,306,SWAC,-15.21,91.9,323,107.1,16,17,16
2009,North Carolina,1,ACC,31.14,123.2,1,92.1,1,34,4
2009,Connecticut,2,BE,29.25,116.0,17,86.8,1,31,5
2009,Pittsburgh,3,BE,28.96,121.2,2,92.3,1,31,5
2009,Memphis,4,CUSA,28.67,112.8,37,84.2,2,33,4
2009,Louisville,5,BE,26.06,111.2,49,85.2,1,31,6
2009,Missouri,6,B12,24.81,116.6,13,91.8,3,31,7
2009,Oklahoma,7,B12,24.59,118.3,4,93.7,2,30,6
2009,Gonzaga,8,WCC,24.51,117.5,8,93.0,4,28,6
2009,Michigan St.,9,B10,24.37,114.3,26,89.9,2,31,7
2009,Duke,10,ACC,24.31,117.5,7,93.2,2,30,7
2009,West Virginia,11,BE,24.21,115.1,19,90.9,6,23,12
2009,UCLA,12,P10,23.93,119.5,3,95.6,6,26,9
2009,Villanova,13,BE,23.89,114.4,24,90.5,3,30,8
2009,Kansas,14,B12,23.83,114.5,23,90.7,3,27,8
2009,Arizona St.,15,P10,23.03,118.2,5,95.2,6,25,10
2009,Syracuse,16,BE,22.21,117.0,10,94.8,3,28,10
2009,Washington,17,P10,22.09,113.1,34,91.0,4,26,9
2009,Purdue,18,B10,21.84,110.5,60,88.7,5,27,10
2009,Marquette,19,BE,21.02,117.1,9,96.1,6,25,10
2009,Xavier,20,A10,20.24,111.0,53,90.8,4,27,8
2009,BYU,21,MWC,20.1,114.0,28,93.9,8,25,8
2009,Texas,22,B12,19.65,112.2,42,92.5,7,23,12
2009,Clemson,23,ACC,19.62,116.4,16,96.7,7,23,9
2009,Wake Forest,24,ACC,18.88,111.6,46,92.7,4,24,7
2009,Illinois,25,B10,18.72,106.8,104,88.1,5,24,10
2009,Oklahoma St.,26,B12,18.33,116.4,15,98.1,8,23,12
2009,USC,27,P10,18.26,110.0,65,91.8,10,22,13
2009,Utah,28,MWC,17.8,110.8,56,92.9,5,24,10
2009,Wisconsin,29,B10,17.62,113.3,31,95.7,12,20,13
2009,California,30,P10,17.37,116.8,11,99.4,7,22,11
2009,Tennessee,32,SEC,16.48,115.1,20,98.7,9,21,13
2009,Ohio St.,34,B10,16.34,113.3,32,96.9,8,22,11
2009,Arizona,37,P10,15.96,117.7,6,101.8,12,21,14
2009,Butler,38,Horz,15.78,110.3,62,94.5,9,26,6
2009,Florida St.,39,ACC,15.76,105.9,116,90.1,5,25,10
2009,Minnesota,40,B10,15.43,108.1,90,92.6,10,22,11
2009,Utah St.,44,WAC,15.12,116.7,12,101.6,11,30,5
2009,Texas A&M,45,B12,15.01,113.1,35,98.1,9,24,10
2009,LSU,46,SEC,14.86,111.5,47,96.6,8,27,8
2009,Michigan,47,B10,14.75,112.2,40,97.5,10,21,14
2009,Temple,50,A10,14.38,109.9,68,95.5,11,22,12
2009,VCU,54,CAA,13.62,110.1,64,96.4,11,24,10
2009,Maryland,55,ACC,13.55,110.0,67,96.4,10,21,14
2009,North Dakota St.,61,Sum,12.29,114.3,25,102.0,14,26,7
2009,Cleveland St.,66,Horz,11.96,105.3,124,93.3,13,26,11
2009,Siena,67,MAAC,11.93,110.3,63,98.4,9,27,8
2009,Mississippi St.,69,SEC,11.55,107.8,92,96.2,13,23,13
2009,Boston College,74,ACC,11.2,113.2,33,102.0,7,22,12
2009,Dayton,78,A10,10.23,103.3,156,93.0,11,27,8
2009,Northern Iowa,83,MVC,9.7,110.6,59,100.9,12,23,11
2009,Western Kentucky,88,SB,8.1,111.1,52,103.0,12,25,9
2009,Akron,95,MAC,6.9,102.9,163,96.0,13,23,13
2009,Stephen F. Austin,101,Slnd,6.52,97.0,268,90.4,14,24,8
2009,East Tennessee St.,105,ASun,5.67,106.4,108,100.7,16,23,11
2009,Cornell,107,Ivy,5.23,108.5,85,103.3,14,21,10
2009,Cal St. Northridge,108,BW,5.18,102.2,182,97.0,15,17,14
2009,American,112,Pat,4.7,105.3,123,100.6,14,24,8
2009,Portland St.,118,BSky,4.04,109.2,77,105.1,13,23,10
2009,Robert Morris,146,NEC,1.49,102.0,187,100.6,15,24,11
2009,Morgan St.,150,MEAC,0.99,100.1,222,99.1,15,23,12
2009,Morehead St.,157,OVC,0.76,102.0,189,101.3,16,20,16
2009,Radford,176,BSth,-0.86,101.2,208,102.1,16,21,12
2009,Binghamton,177,AE,-0.98,102.3,181,103.3,15,23,9
2009,Alabama St.,200,SWAC,-2.97,100.7,214,103.6,16,22,10
2009,Chattanooga,213,SC,-4.04,104.3,142,108.4,16,18,17
2010,Duke,1,ACC,33.29,121.0,1,87.7,1,35,5
2010,Kansas,2,B12,31.85,120.4,2,88.5,1,33,3
2010,Syracuse,3,BE,27.62,118.5,6,90.9,1,30,5
2010,Kentucky,4,SEC,26.54,114.9,22,88.3,1,35,3
2010,West Virginia,5,BE,25.54,117.2,12,91.7,2,31,7
2010,Kansas St.,6,B12,25.52,116.1,15,90.6,2,29,8
2010,Ohio St.,7,B10,24.99,117.5,8,92.5,2,29,8
2010,Baylor,8,B12,24.95,119.2,5,94.3,3,28,8
2010,Wisconsin,9,B10,23.56,115.2,20,91.6,4,24,9
2010,BYU,10,MWC,23.27,117.3,10,94.0,7,30,6
2010,Georgetown,11,BE,22.64,116.8,13,94.2,3,23,11
2010,Butler,12,Horz,22.45,111.0,49,88.5,5,33,5
2010,Maryland,13,ACC,22.37,118.3,7,95.9,4,24,9
2010,California,14,P10,22.15,119.6,3,97.4,8,24,11
2010,Purdue,15,B10,22.05,109.8,65,87.7,4,29,6
2010,Texas A&M,16,B12,21.33,112.6,37,91.2,5,24,10
2010,Villanova,17,BE,21.24,117.2,11,96.0,2,25,8
2010,Xavier,18,A10,20.87,115.5,18,94.6,6,26,9
2010,Texas,19,B12,20.75,113.9,24,93.1,8,24,10
2010,Michigan St.,20,B10,20.13,112.8,33,92.7,5,28,9
2010,Temple,21,A10,20.12,107.8,93,87.7,5,29,6
2010,Missouri,22,B12,19.99,111.5,46,91.5,10,23,11
2010,Utah St.,23,WAC,19.9,116.0,16,96.1,12,27,8
2010,Marquette,24,BE,19.65,115.1,21,95.5,6,22,12
2010,Clemson,25,ACC,19.28,110.9,50,91.6,7,21,11
2010,Northern Iowa,27,MVC,18.87,109.6,67,90.8,9,30,5
2010,Pittsburgh,28,BE,18.66,111.4,47,92.8,3,25,9
2010,Saint Mary's,29,WCC,18.59,116.5,14,97.9,10,28,6
2010,Tennessee,30,SEC,18.5,108.9,75,90.4,6,28,9
2010,Georgia Tech,31,ACC,18.22,109.2,71,91.0,10,23,13
2010,Washington,32,P10,18.19,111.7,44,93.6,11,26,10
2010,Florida St.,33,ACC,18.02,105.0,145,87.0,9,22,10
2010,Minnesota,34,B10,17.97,112.0,41,94.1,11,21,14
2010,Notre Dame,35,BE,17.71,119.4,4,101.7,6,23,12
2010,Vanderbilt,36,SEC,17.54,113.7,25,96.2,4,24,9
2010,Old Dominion,37,CAA,17.51,107.8,90,90.3,11,27,9
2010,Louisville,38,BE,16.91,114.5,23,97.6,9,20,13
2010,Oklahoma St.,39,B12,16.72,112.2,40,95.4,7,22,11
2010,San Diego St.,40,MWC,16.58,111.4,48,94.9,11,25,9
2010,UNLV,41,MWC,16.56,110.6,55,94.0,8,25,9
2010,UTEP,42,CUSA,16.53,107.7,95,91.2,12,26,7
2010,New Mexico,43,MWC,16.18,113.6,26,97.4,3,30,5
2010,Gonzaga,44,WCC,16.14,112.3,38,96.1,8,27,7
2010,Cornell,46,Ivy,15.92,117.4,9,101.5,12,29,5
2010,Florida,50,SEC,15.23,113.0,31,97.8,10,21,13
2010,Murray St.,53,OVC,15.06,109.0,74,94.0,13,31,5
2010,Richmond,54,A10,15.01,108.8,77,93.8,7,26,9
2010,Wake Forest,58,ACC,14.12,107.1,106,93.0,9,20,11
2010,Siena,59,MAAC,13.86,109.4,69,95.5,13,27,7
2010,Wofford,82,SC,10.12,104.6,147,94.4,13,26,9
2010,Houston,88,CUSA,8.79,112.0,42,103.2,13,19,16
2010,Ohio,94,MAC,8.25,107.3,103,99.0,14,22,15
2010,Montana,95,BSky,8.08,106.5,116,98.4,14,22,10
2010,Sam Houston St.,100,Slnd,7.42,110.2,57,102.7,14,25,8
2010,New Mexico St.,112,WAC,6.03,111.6,45,105.5,12,22,12
2010,Oakland,135,Sum,3.19,107.5,98,104.3,14,26,9
2010,Vermont,136,AE,3.08,104.1,151,101.0,16,25,10
2010,East Tennessee St.,150,ASun,2.47,100.9,199,98.4,16,20,15
2010,UC Santa Barbara,153,BW,2.11,100.0,212,97.9,15,20,10
2010,Morgan St.,156,MEAC,1.58,105.5,135,104.0,15,27,10
2010,North Texas,175,SB,-0.47,103.4,164,103.8,15,24,9
2010,Robert Morris,185,NEC,-0.97,99.9,216,100.8,15,23,12
2010,Lehigh,186,Pat,-0.97,105.6,134,106.6,16,22,11
2010,Winthrop,225,BSth,-5.63,90.7,320,96.3,16,19,14
2010,Arkansas Pine Bluff,231,SWAC,-6.44,93.1,303,99.5,16,18,16
2011,Ohio St.,1,B10,33.47,125.0,1,91.5,1,34,3
2011,Duke,2,ACC,28.42,119.7,5,91.3,1,32,5
2011,Kansas,3,B12,28.38,118.9,6,90.6,1,35,3
2011,Pittsburgh,4,BE,27.08,120.6,4,93.5,1,28,6
2011,Texas,5,B12,25.93,115.5,21,89.6,4,28,8
2011,Wisconsin,6,B10,25.84,122.3,2,96.5,4,25,9
2011,Kentucky,7,SEC,25.82,117.8,8,92.0,4,29,9
2011,San Diego St.,8,MWC,24.98,114.1,28,89.1,2,34,3
2011,Purdue,9,B10,24.79,115.9,18,91.1,3,26,8
2011,Connecticut,10,BE,23.93,115.8,19,91.9,3,32,9
2011,Notre Dame,11,BE,23.25,120.9,3,97.7,2,27,7
2011,BYU,12,MWC,23.22,117.5,11,94.3,3,32,5
2011,Syracuse,13,BE,22.49,114.9,24,92.4,3,27,8
2011,Louisville,14,BE,22.26,111.4,52,89.2,4,25,10
2011,North Carolina,15,ACC,22.18,111.8,49,89.6,2,29,8
2011,Washington,16,P10,21.69,117.7,10,96.0,7,24,11
2011,Florida,17,SEC,20.61,115.8,20,95.2,2,29,8
2011,Illinois,18,B10,20.14,113.3,34,93.1,9,20,14
2011,West Virginia,19,BE,20.11,114.9,23,94.8,5,21,12
2011,Arizona,20,P10,19.65,117.4,12,97.8,5,30,8
2011,Cincinnati,21,BE,19.41,111.1,55,91.7,6,26,9
2011,Utah St.,22,WAC,19.32,111.2,54,91.8,12,30,4
2011,Belmont,23,ASun,18.48,112.6,40,94.1,13,30,5
2011,George Mason,24,CAA,18.3,114.1,29,95.8,8,27,7
2011,Clemson,25,ACC,18.16,109.6,71,91.5,12,22,12
2011,Marquette,26,BE,18.14,115.5,22,97.3,11,22,15
2011,Villanova,28,BE,17.83,114.9,25,97.0,9,21,12
2011,UNLV,29,MWC,17.75,110.6,57,92.9,8,24,9
2011,Michigan,30,B10,17.69,112.8,39,95.1,8,21,14
2011,Georgetown,31,BE,17.65,114.2,27,96.6,6,21,11
2011,Kansas St.,32,B12,17.42,111.1,56,93.6,5,23,11
2011,Vanderbilt,33,SEC,17.33,116.6,16,99.2,5,23,11
2011,Temple,34,A10,16.84,110.5,60,93.7,7,26,8
2011,Florida St.,35,ACC,16.76,104.5,147,87.7,10,23,11
2011,Butler,36,Horz,16.46,112.3,43,95.9,8,28,10
2011,Gonzaga,37,WCC,16.45,112.1,45,95.6,11,25,10
2011,Xavier,38,A10,16.02,112.8,37,96.8,6,24,8
2011,Richmond,39,A10,16.01,112.6,41,96.5,12,29,8
2011,St. John's,41,BE,15.87,111.2,53,95.3,6,21,12
2011,Missouri,42,B12,15.54,113.4,33,97.8,11,23,11
2011,Michigan St.,45,B10,15.08,109.5,73,94.4,10,19,15
2011,Penn St.,46,B10,14.88,113.1,35,98.3,10,19,15
2011,Old Dominion,48,CAA,14.66,110.0,64,95.4,9,27,7
2011,Texas A&M,49,B12,14.62,110.0,65,95.4,7,24,9
2011,UCLA,52,P10,13.57,108.7,80,95.1,7,23,11
2011,VCU,53,CAA,13.49,112.0,47,98.5,11,28,12
2011,Oakland,56,Sum,13.31,118.6,7,105.3,13,25,10
2011,USC,57,P10,13.29,107.9,91,94.6,11,19,15
2011,Tennessee,62,SEC,12.41,108.0,90,95.6,9,19,15
2011,Georgia,63,SEC,12.24,108.2,86,95.9,10,21,12
2011,UAB,65,CUSA,11.64,108.8,78,97.2,12,22,9
2011,Princeton,79,Ivy,9.09,107.2,97,98.1,13,25,7
2011,Wofford,84,SC,8.17,112.3,44,104.2,14,21,13
2011,Morehead St.,89,OVC,7.01,105.6,119,98.6,13,25,10
2011,Memphis,90,CUSA,6.98,104.5,146,97.6,12,25,10
2011,Bucknell,96,Pat,6.57,105.8,116,99.2,14,25,9
2011,Indiana St.,108,MVC,5.45,102.8,183,97.4,14,20,14
2011,LIU Brooklyn,109,NEC,5.43,109.6,72,104.2,15,27,6
2011,Akron,118,MAC,4.09,103.7,163,99.6,15,23,13
2011,Northern Colorado,119,BSky,4.05,106.3,109,102.2,15,21,11
2011,UC Santa Barbara,132,BW,3.15,103.7,164,100.5,15,18,14
2011,Saint Peter's,137,MAAC,2.73,95.2,294,92.5,14,20,14
2011,UNC Asheville,150,BSth,1.91,101.9,197,100.0,16,20,14
2011,Boston University,170,AE,-0.5,103.4,169,103.9,16,21,14
2011,Hampton,208,MEAC,-4.21,94.4,304,98.7,16,24,9
2011,Arkansas Little Rock,215,SB,-4.53,101.1,215,105.6,16,19,17
2011,UTSA,227,Slnd,-5.32,101.8,201,107.1,16,20,14
2011,Alabama St.,303,SWAC,-13.19,92.8,318,106.0,16,17,18
2012,Kentucky,1,SEC,32.59,122.2,2,89.6,1,38,2
2012,Ohio St.,2,B10,30.07,118.1,6,88.1,2,31,8
2012,Michigan St.,3,B10,27.87,114.7,17,86.9,1,29,8
2012,Kansas,4,B12,26.91,114.0,23,87.1,2,32,7
2012,Syracuse,5,BE,26.04,117.7,7,91.7,1,34,3
2012,North Carolina,6,ACC,25.44,116.1,12,90.7,1,32,6
2012,Missouri,7,B12,25.28,125.1,1,99.8,2,30,5
2012,Wisconsin,8,B10,24.09,113.7,25,89.6,4,26,10
2012,Indiana,9,B10,22.55,120.2,4,97.6,4,27,9
2012,Florida,10,SEC,22.47,120.4,3,98.0,7,26,11
2012,Wichita St.,11,MVC,22.36,116.1,11,93.8,5,27,6
2012,Memphis,12,CUSA,21.9,114.2,22,92.3,8,26,9
2012,Baylor,13,B12,21.29,116.0,13,94.7,3,30,8
2012,Saint Louis,14,A10,21.2,111.9,34,90.7,9,26,8
2012,Georgetown,15,BE,21.05,111.2,45,90.1,3,24,9
2012,Vanderbilt,16,SEC,20.9,115.6,14,94.7,5,25,11
2012,Louisville,17,BE,20.67,106.2,112,85.5,4,30,10
2012,Marquette,18,BE,20.22,111.5,40,91.3,3,27,8
2012,Duke,19,ACC,19.7,117.7,8,98.0,2,27,7
2012,New Mexico,20,MWC,19.45,110.8,51,91.4,5,28,7
2012,Gonzaga,21,WCC,18.39,113.1,30,94.7,7,26,7
2012,Michigan,22,B10,17.52,114.3,19,96.8,4,24,10
2012,Kansas St.,23,B12,17.52,109.8,59,92.3,8,22,11
2012,Florida St.,24,ACC,17.14,107.6,89,90.4,3,25,10
2012,Belmont,25,ASun,16.96,117.1,9,100.1,14,27,8
2012,Iowa St.,26,B12,16.69,113.9,24,97.2,8,23,11
2012,Alabama,27,SEC,16.69,106.1,115,89.5,9,21,12
2012,Creighton,28,MVC,16.47,119.2,5,102.7,8,29,6
2012,California,29,P12,16.37,111.3,43,94.9,12,24,10
2012,Purdue,30,B10,16.25,116.2,10,99.9,10,22,13
2012,Cincinnati,31,BE,16.03,109.5,62,93.5,6,26,11
2012,Texas,32,B12,15.9,112.9,31,97.0,11,20,14
2012,Virginia,33,ACC,15.85,105.2,133,89.3,10,22,10
2012,Saint Mary's,34,WCC,15.48,114.3,20,98.8,7,27,6
2012,Murray St.,35,OVC,15.34,108.5,80,93.2,6,31,2
2012,Long Beach St.,36,BW,15.27,111.7,38,96.4,12,25,9
2012,UNLV,37,MWC,14.97,109.2,67,94.2,6,26,9
2012,Connecticut,38,BE,14.53,111.3,42,96.8,9,20,14
2012,Temple,39,A10,14.49,113.3,28,98.9,5,24,8
2012,Harvard,41,Ivy,14.34,108.8,72,94.4,12,26,5
2012,Notre Dame,42,BE,14.22,110.9,50,96.7,7,22,12
2012,N.C. State,43,ACC,14.22,112.1,32,97.9,11,24,13
2012,West Virginia,44,BE,13.56,111.4,41,97.9,10,19,14
2012,VCU,46,CAA,13.45,106.9,96,93.5,12,29,7
2012,South Florida,48,BE,13.13,103.9,151,90.8,12,22,14
2012,BYU,50,WCC,12.79,106.3,111,93.5,14,26,9
2012,Xavier,53,A10,12.59,108.7,74,96.1,10,23,13
2012,Iona,54,MAAC,12.26,115.5,15,103.2,14,25,8
2012,Ohio,57,MAC,11.88,106.6,102,94.7,13,29,8
2012,St. Bonaventure,60,A10,11.78,110.6,53,98.9,14,20,12
2012,South Dakota St.,61,Sum,11.62,113.7,26,102.1,14,27,8
2012,New Mexico St.,65,WAC,11.22,109.3,65,98.1,13,26,10
2012,San Diego St.,66,MWC,11.16,107.0,95,95.8,6,26,8
2012,Southern Miss,68,CUSA,10.83,111.2,44,100.4,9,25,9
2012,Davidson,71,SC,10.65,112.0,33,101.4,13,25,8
2012,Lehigh,79,Pat,9.29,108.6,76,99.3,15,27,8
2012,Colorado,81,P12,8.89,104.8,137,95.9,11,24,12
2012,Colorado St.,88,MWC,8.17,111.9,35,103.7,11,20,12
2012,Montana,104,BSky,6.76,103.7,155,96.9,13,25,7
2012,Lamar,108,Slnd,6.33,107.6,88,101.3,16,23,12
2012,UNC Asheville,114,BSth,5.5,110.4,55,104.9,16,24,10
2012,Detroit,115,Horz,5.48,108.1,82,102.6,15,22,14
2012,Vermont,118,AE,5.17,105.3,131,100.1,16,24,12
2012,Loyola MD,129,MAAC,3.91,103.9,150,100.0,15,24,9
2012,LIU Brooklyn,162,NEC,0.75,108.7,75,107.9,16,25,9
2012,Norfolk St.,183,MEAC,-1.82,100.9,211,102.7,15,26,10
2012,Western Kentucky,193,SB,-2.67,97.8,264,100.5,16,16,19
2012,Mississippi Valley St.,237,SWAC,-6.3,98.0,260,104.2,16,21,13
2013,Louisville,1,BE,32.92,117.7,7,84.8,1,35,5
2013,Florida,2,SEC,31.18,117.2,9,86.0,3,29,8
2013,Indiana,3,B10,29.31,120.8,2,91.5,1,29,7
2013,Michigan,4,B10,27.86,121.9,1,94.0,4,31,8
2013,Gonzaga,5,WCC,27.81,120.5,3,92.7,1,32,3
2013,Duke,6,ACC,26.98,119.1,4,92.1,2,30,6
2013,Ohio St.,7,B10,25.42,115.1,14,89.7,2,29,8
2013,Kansas,8,B12,25.23,112.7,27,87.5,1,31,6
2013,Syracuse,9,BE,24.83,113.1,26,88.3,4,30,10
2013,Michigan St.,10,B10,24.17,112.6,29,88.5,3,27,9
2013,Pittsburgh,11,BE,24.08,115.6,12,91.5,8,24,9
2013,Wisconsin,12,B10,22.57,108.3,73,85.7,5,23,12
2013,Miami FL,13,ACC,22.37,113.6,22,91.3,2,29,7
2013,Arizona,14,P12,21.88,115.4,13,93.5,6,27,8
2013,Creighton,15,MVC,21.75,118.3,5,96.5,7,28,8
2013,Georgetown,16,BE,21.24,107.6,80,86.4,2,25,7
2013,Wichita St.,17,MVC,20.31,111.8,35,91.5,9,30,9
2013,VCU,18,A10,20.28,114.0,20,93.7,5,27,9
2013,Saint Louis,19,A10,20.01,108.6,71,88.6,4,28,7
2013,Minnesota,20,B10,19.85,114.8,16,95.0,11,21,13
2013,Saint Mary's,21,WCC,19.33,116.1,11,96.8,11,28,7
2013,Colorado St.,22,MWC,19.12,117.9,6,98.8,8,26,9
2013,New Mexico,23,MWC,19.02,109.9,53,90.9,3,29,6
2013,Oklahoma St.,24,B12,18.69,109.0,66,90.3,5,24,9
2013,Missouri,25,SEC,18.53,114.9,15,96.4,9,23,11
2013,Marquette,26,BE,18.32,113.2,24,94.9,3,26,9
2013,Kansas St.,27,B12,18.16,113.5,23,95.3,4,27,8
2013,Iowa St.,30,B12,17.63,117.5,8,99.8,10,23,12
2013,San Diego St.,31,MWC,17.43,107.7,78,90.3,7,23,11
2013,North Carolina,32,ACC,17.14,112.2,31,95.1,8,25,11
2013,N.C. State,33,ACC,16.99,116.8,10,99.8,8,24,11
2013,Mississippi,34,SEC,16.95,112.3,30,95.3,12,27,9
2013,Oregon,35,P12,16.78,106.6,105,89.8,12,28,9
2013,Notre Dame,36,BE,16.65,114.6,17,97.9,7,25,10
2013,Memphis,37,CUSA,16.33,107.3,85,91.0,6,31,5
2013,UNLV,38,MWC,16.07,106.0,115,90.0,5,25,10
2013,Illinois,39,B10,15.82,110.6,46,94.8,7,23,13
2013,Cincinnati,40,BE,15.57,105.9,118,90.4,10,22,12
2013,Butler,42,A10,15.41,110.5,47,95.1,6,27,9
2013,Belmont,43,OVC,14.92,111.6,37,96.6,11,26,7
2013,Middle Tennessee,44,SB,14.77,107.3,89,92.5,11,28,6
2013,Colorado,45,P12,14.62,106.5,109,91.9,10,21,12
2013,UCLA,46,P12,14.53,111.1,42,96.6,6,25,10
2013,La Salle,50,A10,13.89,111.8,34,98.0,13,24,10
2013,Oklahoma,51,B12,13.8,111.1,41,97.3,10,20,12
2013,Villanova,53,BE,13.57,106.3,113,92.7,9,20,14
2013,Boise St.,54,MWC,13.54,113.2,25,99.7,13,21,11
2013,California,56,P12,13.11,107.3,88,94.2,12,21,12
2013,Bucknell,58,Pat,12.72,107.3,87,94.6,11,28,6
2013,Temple,59,A10,12.67,111.3,39,98.6,9,24,10
2013,Akron,62,MAC,11.52,106.8,101,95.2,12,26,7
2013,Valparaiso,65,Horz,11.42,110.7,44,99.3,14,26,8
2013,Davidson,66,SC,11.36,112.1,32,100.7,14,26,8
2013,New Mexico St.,88,WAC,7.68,104.7,137,97.1,13,24,11
2013,Iona,89,MAAC,7.45,114.4,18,106.9,15,20,14
2013,Harvard,93,Ivy,7.07,108.1,74,101.1,14,20,10
2013,South Dakota St.,96,Sum,6.79,112.0,33,105.2,13,25,10
2013,Florida Gulf Coast,105,ASun,6.27,104.9,136,98.6,15,26,11
2013,Pacific,128,BW,3.96,106.1,114,102.2,15,22,13
2013,Northwestern St.,138,Slnd,2.82,106.6,106,103.8,14,23,9
2013,Montana,145,BSky,2.14,104.9,134,102.8,13,25,7
2013,Albany,150,AE,1.36,102.6,171,101.3,15,24,11
2013,Southern,162,SWAC,0.5,99.3,231,98.8,16,23,10
2013,Western Kentucky,173,SB,-0.41,101.8,188,102.2,16,20,16
2013,James Madison,182,CAA,-0.92,100.2,218,101.1,16,21,15
2013,LIU Brooklyn,192,NEC,-2.13,110.5,48,112.6,16,20,14
2013,North Carolina A&T,227,MEAC,-5.3,93.2,311,98.5,16,20,17
2013,Liberty,266,BSth,-9.38,101.3,196,110.6,16,15,21
2014,Louisville,1,Amer,30.41,118.9,7,88.5,4,31,6
2014,Arizona,2,P12,30.11,116.5,20,86.4,1,33,5
2014,Florida,3,SEC,28.57,116.5,19,88.0,1,36,3
2014,Virginia,4,ACC,26.46,114.8,27,88.3,1,30,7
2014,Wisconsin,5,B10,25.89,122.0,4,96.1,2,30,8
2014,Wichita St.,6,MVC,25.36,117.8,17,92.4,1,35,1
2014,Kansas,7,B12,24.6,119.3,6,94.7,2,25,10
2014,Duke,8,ACC,24.25,124.7,1,100.4,3,26,9
2014,Michigan St.,9,B10,23.92,118.6,13,94.7,4,29,9
2014,Tennessee,10,SEC,23.69,117.9,15,94.2,11,24,13
2014,Villanova,11,BE,23.68,116.3,21,92.6,2,29,5
2014,Michigan,12,B10,23.44,123.9,3,100.5,2,28,9
2014,Kentucky,13,SEC,22.55,118.3,14,95.8,8,29,11
2014,UCLA,14,P12,22.53,118.7,11,96.1,4,28,9
2014,Connecticut,15,Amer,22.13,113.6,39,91.5,7,32,8
2014,Pittsburgh,16,ACC,21.89,116.9,18,95.0,9,26,10
2014,Creighton,17,BE,21.72,124.2,2,102.5,3,27,8
2014,Syracuse,18,ACC,21.62,114.6,28,93.0,3,28,6
2014,Ohio St.,19,B10,21.3,109.3,103,88.0,6,25,10
2014,Iowa St.,20,B12,21.07,118.9,9,97.8,3,28,8
2014,Oklahoma St.,21,B12,20.98,115.9,22,95.0,9,21,13
2014,Iowa,22,B10,20.44,120.2,5,99.8,11,20,13
2014,San Diego St.,23,MWC,20.38,110.4,86,90.0,4,31,5
2014,Gonzaga,24,WCC,20.14,114.0,35,93.8,8,29,7
2014,VCU,25,A10,19.8,109.2,106,89.4,5,26,9
2014,Baylor,26,B12,19.39,118.9,10,99.5,6,26,12
2014,Cincinnati,27,Amer,19.24,109.7,98,90.4,5,27,7
2014,Oregon,28,P12,19.02,118.9,8,99.9,7,24,10
2014,North Carolina,29,ACC,18.44,112.6,48,94.2,6,24,10
2014,Oklahoma,30,B12,17.9,117.9,16,100.0,5,23,10
2014,Harvard,32,Ivy,17.58,112.9,47,95.3,12,27,5
2014,New Mexico,33,MWC,17.15,113.5,41,96.3,7,27,7
2014,Stanford,34,P12,16.06,112.4,54,96.4,10,23,13
2014,Saint Louis,35,A10,15.72,105.7,168,90.0,5,27,7
2014,Memphis,36,Amer,15.22,112.4,56,97.1,8,24,10
2014,Arizona St.,39,P12,14.82,111.2,67,96.4,10,21,12
2014,Texas,41,B12,14.52,111.8,61,97.3,7,24,11
2014,Dayton,42,A10,14.25,113.8,37,99.6,11,26,11
2014,Kansas St.,45,B12,14.1,107.8,125,93.7,9,20,13
2014,George Washington,47,A10,13.82,110.8,74,97.0,9,24,9
2014,Providence,48,BE,13.81,114.6,30,100.8,11,23,12
2014,BYU,49,WCC,13.77,114.5,31,100.7,10,23,12
2014,Massachusetts,50,A10,13.46,110.0,91,96.5,6,24,9
2014,Xavier,52,BE,13.11,112.9,46,99.8,12,21,13
2014,Saint Joseph's,55,A10,12.93,112.3,57,99.4,10,24,10
2014,Nebraska,56,B10,12.64,108.8,111,96.1,11,19,13
2014,North Dakota St.,61,Sum,11.76,115.5,25,103.7,12,26,7
2014,N.C. State,62,ACC,11.6,114.0,34,102.4,12,22,14
2014,Colorado,67,P12,11.2,107.7,129,96.5,8,23,12
2014,Stephen F. Austin,70,Slnd,10.83,112.3,58,101.5,12,32,3
2014,New Mexico St.,72,WAC,10.54,112.9,45,102.4,13,26,10
2014,Manhattan,74,MAAC,10.21,107.2,134,97.0,13,25,8
2014,Tulsa,82,CUSA,8.93,106.1,159,97.2,13,21,13
2014,Mercer,87,ASun,8.34,110.8,75,102.4,14,27,9
2014,North Carolina Central,92,MEAC,7.98,108.6,114,100.7,14,28,6
2014,Delaware,106,CAA,5.83,112.0,60,106.2,13,25,10
2014,Louisiana Lafayette,113,SB,5.19,110.2,89,105.0,14,23,12
2014,American,120,Pat,4.57,103.4,206,98.9,15,20,13
2014,Eastern Kentucky,125,OVC,3.96,112.4,55,108.4,15,24,10
2014,Western Michigan,131,MAC,3.36,106.3,152,103.0,14,23,10
2014,Milwaukee,168,Horz,0.08,104.7,188,104.6,15,21,14
2014,Weber St.,172,BSky,-0.62,106.4,149,107.0,16,19,12
2014,Cal Poly,176,BW,-0.82,103.6,202,104.4,16,14,20
2014,Albany,181,AE,-1.04,102.9,217,103.9,16,19,15
2014,Wofford,192,SC,-1.94,100.6,252,102.6,15,20,13
2014,Mount St. Mary's,209,NEC,-3.96,107.8,127,111.7,16,16,17
2014,Coastal Carolina,221,BSth,-4.98,98.2,290,103.2,16,21,13
2014,Texas Southern,259,SWAC,-7.49,106.7,142,114.1,16,19,15
2015,Kentucky,1,SEC,36.91,121.3,6,84.4,1,38,1
2015,Wisconsin,2,B10,33.72,129.0,1,95.2,1,36,4
2015,Duke,3,ACC,32.48,124.5,3,92.0,1,35,4
2015,Arizona,4,P12,32.36,119.9,7,87.5,2,34,4
2015,Villanova,5,BE,30.65,122.7,4,92.0,1,33,3
2015,Virginia,6,ACC,30.06,115.6,21,85.5,2,30,4
2015,Gonzaga,7,WCC,27.78,121.7,5,93.9,2,35,3
2015,Utah,8,P12,27.24,116.4,17,89.2,5,26,9
2015,Notre Dame,9,ACC,24.96,125.4,2,100.4,3,32,6
2015,North Carolina,10,ACC,23.85,119.1,11,95.3,4,26,12
2015,Oklahoma,11,B12,22.8,112.5,46,89.7,3,24,11
2015,Kansas,12,B12,22.72,114.5,27,91.8,2,27,9
2015,Wichita St.,13,MVC,22.21,115.8,19,93.6,7,30,5
2015,Baylor,14,B12,22.14,116.6,13,94.5,3,24,10
2015,Michigan St.,15,B10,21.72,116.6,14,94.9,7,27,12
2015,Iowa St.,16,B12,21.49,119.0,12,97.5,3,25,9
2015,Louisville,17,ACC,21.21,110.2,66,88.9,4,27,9
2015,Northern Iowa,18,MVC,20.98,116.3,18,95.3,5,31,4
2015,Ohio St.,19,B10,20.75,115.6,22,94.8,10,24,11
2015,Butler,20,BE,20.09,110.2,64,90.1,6,23,11
2015,Xavier,21,BE,19.49,116.6,15,97.1,6,23,14
2015,Georgetown,22,BE,19.13,114.3,29,95.1,4,22,11
2015,Iowa,23,B10,19.02,114.2,30,95.1,7,22,12
2015,Texas,24,B12,18.94,112.4,47,93.4,11,20,14
2015,West Virginia,25,B12,17.64,112.6,43,94.9,5,25,10
2015,SMU,26,Amer,17.51,113.1,37,95.6,6,27,7
2015,Providence,27,BE,16.72,112.6,42,95.9,6,22,12
2015,BYU,28,WCC,16.69,119.4,10,102.7,11,25,10
2015,Arkansas,29,SEC,16.44,114.7,26,98.3,5,27,9
2015,VCU,30,A10,16.27,111.1,58,94.9,7,26,10
2015,San Diego St.,31,MWC,15.95,104.9,162,89.0,8,27,9
2015,N.C. State,32,ACC,15.93,114.9,25,98.9,8,22,14
2015,Maryland,33,B10,15.68,111.3,56,95.7,4,28,7
2015,Georgia,35,SEC,15.09,109.6,70,94.5,10,21,12
2015,Davidson,36,A10,15.0,119.7,9,104.7,10,24,8
2015,Oklahoma St.,38,B12,14.92,111.8,51,96.8,9,18,14
2015,UCLA,40,P12,14.65,112.9,40,98.2,11,22,14
2015,Dayton,42,A10,14.24,109.2,75,95.0,11,27,9
2015,Cincinnati,43,Amer,14.15,108.2,94,94.0,8,23,11
2015,Purdue,44,B10,13.96,110.9,61,97.0,9,21,13
2015,Oregon,45,P12,13.88,115.2,23,101.3,8,26,10
2015,Mississippi,46,SEC,13.88,114.5,28,100.6,11,21,13
2015,Boise St.,47,MWC,13.85,111.9,50,98.1,11,25,9
2015,Indiana,48,B10,13.83,119.8,8,106.0,10,20,14
2015,LSU,49,SEC,13.76,108.9,81,95.1,9,22,11
2015,St. John's,50,BE,13.7,110.7,62,97.0,9,21,12
2015,Stephen F. Austin,51,Slnd,13.64,113.9,32,100.3,12,29,5
2015,Buffalo,58,MAC,11.87,111.3,57,99.4,12,23,10
2015,Valparaiso,64,Horz,11.13,107.4,112,96.3,13,28,6
2015,Georgia St.,68,SB,10.32,111.6,52,101.3,14,25,10
2015,Harvard,75,Ivy,9.23,104.8,165,95.6,13,22,8
2015,UC Irvine,91,BW,7.09,106.3,129,99.2,13,21,13
2015,Wofford,96,SC,6.72,105.2,158,98.5,12,28,7
2015,New Mexico St.,98,WAC,6.63,107.4,111,100.8,15,23,11
2015,Wyoming,109,MWC,5.67,104.8,164,99.1,12,25,10
2015,Northeastern,117,CAA,5.12,108.3,93,103.1,14,23,12
2015,Albany,131,AE,3.29,107.2,116,103.9,14,24,9
2015,Eastern Washington,133,BSky,3.25,112.9,39,109.6,13,26,9
2015,UAB,135,CUSA,3.06,104.9,163,101.9,14,20,16
2015,Coastal Carolina,140,BSth,2.38,106.7,119,104.3,16,24,10
2015,Belmont,142,OVC,2.27,110.2,65,107.9,15,22,11
2015,North Florida,143,ASun,2.26,108.4,88,106.2,16,23,12
2015,North Dakota St.,152,Sum,1.41,103.8,181,102.4,15,23,10
2015,Manhattan,162,MAAC,0.31,101.9,224,101.6,16,19,14
2015,Robert Morris,184,NEC,-1.39,103.1,197,104.5,16,20,15
2015,Lafayette,193,Pat,-2.14,112.9,38,115.1,16,20,13
2015,Texas Southern,213,SWAC,-3.84,104.1,177,107.9,15,22,13
2015,Hampton,251,MEAC,-7.4,96.6,303,104.0,16,17,18
2016,Villanova,1,BE,32.01,122.8,3,90.8,2,35,5
2016,North Carolina,2,ACC,29.82,124.4,1,94.6,1,33,7
2016,Kansas,3,B12,29.67,120.0,10,90.4,1,33,5
2016,Virginia,4,ACC,29.64,120.6,8,91.0,1,29,8
2016,Michigan St.,5,B10,27.97,123.4,2,95.5,2,29,6
2016,Kentucky,6,SEC,25.14,121.8,5,96.6,4,27,9
2016,West Virginia,8,B12,24.45,115.3,27,90.9,3,26,9
2016,Purdue,9,B10,23.85,116.9,19,93.1,5,26,9
2016,Oklahoma,10,B12,23.78,117.9,16,94.1,2,29,8
2016,Indiana,11,B10,23.05,121.7,6,98.7,5,27,8
2016,Oregon,12,P12,22.68,119.1,13,96.4,1,31,7
2016,Wichita St.,13,MVC,22.53,111.3,67,88.7,11,26,9
2016,Xavier,14,BE,22.52,117.1,18,94.6,2,28,6
2016,Miami FL,15,ACC,22.44,119.4,11,96.9,3,27,8
2016,Duke,17,ACC,21.87,121.9,4,100.0,4,25,11
2016,Texas A&M,18,SEC,21.26,113.8,37,92.5,3,28,9
2016,Arizona,19,P12,20.97,116.8,20,95.8,6,25,9
2016,Iowa St.,20,B12,20.95,121.2,7,100.3,4,23,12
2016,Gonzaga,21,WCC,20.82,116.3,22,95.5,11,28,8
2016,Maryland,22,B10,20.25,116.2,24,95.9,5,27,9
2016,Iowa,23,B10,20.24,116.1,25,95.9,7,22,11
2016,Baylor,24,B12,19.06,118.9,14,99.8,5,22,12
2016,Vanderbilt,25,SEC,18.76,113.6,40,94.9,11,19,14
2016,Connecticut,26,Amer,18.71,111.9,59,93.2,9,25,11
2016,Syracuse,27,ACC,18.57,112.7,50,94.1,10,23,14
2016,California,28,P12,18.32,112.5,53,94.2,4,23,11
2016,Seton Hall,29,BE,18.27,111.1,72,92.9,6,25,9
2016,Butler,30,BE,17.27,118.0,15,100.7,9,22,11
2016,VCU,31,A10,17.07,112.1,58,95.0,10,25,11
2016,Cincinnati,32,Amer,17.06,111.2,70,94.1,9,22,11
2016,Utah,33,P12,16.79,115.6,26,98.8,3,27,9
2016,Notre Dame,36,ACC,16.6,120.6,9,104.0,6,24,12
2016,Pittsburgh,37,ACC,16.6,114.9,28,98.3,10,21,12
2016,Wisconsin,38,B10,16.55,110.1,89,93.6,7,22,13
2016,Texas,39,B12,16.19,113.0,49,96.8,6,20,13
2016,Stephen F. Austin,41,Slnd,15.62,112.2,57,96.6,14,28,6
2016,Saint Joseph's,43,A10,15.37,114.3,32,98.9,8,28,8
2016,Providence,44,BE,14.49,110.0,92,95.5,9,24,11
2016,Yale,47,Ivy,14.33,110.4,88,96.0,12,23,7
2016,USC,49,P12,14.25,113.9,35,99.7,8,21,13
2016,Michigan,50,B10,14.15,114.6,30,100.5,11,23,13
2016,Texas Tech,54,B12,13.78,113.2,46,99.4,8,19,13
2016,Arkansas Little Rock,56,SB,13.24,109.2,98,96.0,12,30,5
2016,Colorado,57,P12,12.91,108.8,100,95.9,8,22,12
2016,Dayton,59,A10,12.63,106.6,146,94.0,7,25,8
2016,Hawaii,60,BW,12.16,108.2,112,96.1,13,28,6
2016,Oregon St.,64,P12,11.65,110.7,77,99.1,7,19,13
2016,Tulsa,65,Amer,11.5,111.2,69,99.7,11,20,12
2016,Northern Iowa,67,MVC,11.13,109.6,94,98.5,11,23,13
2016,South Dakota St.,80,Sum,9.57,111.4,66,101.8,12,26,8
2016,UNC Wilmington,83,CAA,9.21,110.7,79,101.5,13,25,8
2016,Temple,86,Amer,8.82,107.0,139,98.1,10,21,12
2016,Stony Brook,94,AE,8.13,107.3,132,99.1,13,26,7
2016,Iona,104,MAAC,7.13,110.5,84,103.4,13,22,11
2016,Fresno St.,108,MWC,6.63,107.4,127,100.8,14,25,10
2016,Chattanooga,109,SC,6.5,107.5,126,101.0,12,29,6
2016,Cal St. Bakersfield,110,WAC,6.26,104.0,181,97.8,15,24,9
2016,Middle Tennessee,119,CUSA,4.76,104.6,173,99.9,15,25,10
2016,Green Bay,127,Horz,3.74,108.3,111,104.6,14,23,13
2016,UNC Asheville,131,BSth,3.44,103.6,188,100.1,15,22,12
2016,Buffalo,138,MAC,2.95,105.9,158,102.9,14,20,15
2016,Weber St.,142,BSky,2.45,103.4,191,100.9,15,26,9
2016,Florida Gulf Coast,162,ASun,-0.08,103.6,189,103.7,16,21,14
2016,Austin Peay,217,OVC,-5.1,104.5,176,109.6,16,18,18
2016,Southern,229,SWAC,-5.75,100.5,248,106.3,16,22,13
2016,Hampton,248,MEAC,-7.4,99.8,266,107.2,16,21,11
2016,Fairleigh Dickinson,280,NEC,-10.63,104.4,177,115.0,16,18,15
2016,Holy Cross,285,Pat,-11.39,97.1,307,108.5,16,15,20
2017,Gonzaga,1,WCC,32.05,118.4,16,86.3,1,37,2
2017,Villanova,2,BE,29.88,122.4,3,92.5,1,32,4
2017,North Carolina,3,ACC,28.22,120.7,9,92.5,1,33,7
2017,Kentucky,4,SEC,27.72,119.1,12,91.4,2,32,6
2017,Florida,5,SEC,27.5,116.9,25,89.5,4,27,9
2017,Kansas,6,B12,27.45,121.9,5,94.5,1,31,5
2017,West Virginia,7,B12,27.17,116.5,26,89.4,4,28,9
2017,Wichita St.,8,MVC,26.14,118.7,13,92.6,10,31,5
2017,Louisville,9,ACC,25.51,117.2,22,91.7,2,25,9
2017,Oregon,10,P12,25.02,118.2,17,93.2,3,33,6
2017,SMU,11,Amer,24.73,119.8,10,95.0,6,30,5
2017,Virginia,12,ACC,24.29,112.2,50,88.0,5,23,11
2017,Baylor,13,B12,24.23,117.1,23,92.9,3,27,8
2017,Duke,14,ACC,24.17,121.0,6,96.8,2,28,9
2017,Saint Mary's,15,WCC,23.67,118.7,14,95.0,7,29,5
2017,UCLA,16,P12,23.63,124.0,2,100.4,3,31,5
2017,Iowa St.,17,B12,23.45,119.7,11,96.3,5,24,11
2017,Arizona,18,P12,23.31,118.4,15,95.1,2,32,5
2017,Purdue,19,B10,23.12,117.0,24,93.9,4,27,8
2017,Michigan,20,B10,23.05,122.3,4,99.2,7,26,12
2017,Wisconsin,21,B10,22.99,115.1,33,92.1,8,27,10
2017,Oklahoma St.,22,B12,22.48,126.0,1,103.5,10,20,13
2017,Cincinnati,23,Amer,22.18,114.9,34,92.8,6,30,6
2017,South Carolina,24,SEC,20.8,108.9,91,88.1,7,26,11
2017,Butler,25,BE,20.76,117.7,20,97.0,4,25,9
2017,Florida St.,26,ACC,20.06,115.5,31,95.5,3,26,9
2017,Notre Dame,27,ACC,19.74,118.1,18,98.4,5,26,10
2017,Creighton,28,BE,18.83,115.3,32,96.5,6,25,10
2017,Kansas St.,30,B12,17.44,113.0,42,95.6,11,21,14
2017,Xavier,31,BE,16.7,115.7,29,99.0,11,24,14
2017,Marquette,32,BE,16.58,120.8,8,104.2,10,19,13
2017,Vanderbilt,33,SEC,16.53,112.4,48,95.9,9,19,16
2017,Rhode Island,34,A10,16.26,111.5,57,95.2,11,25,10
2017,Arkansas,35,SEC,16.25,116.1,28,99.8,8,26,10
2017,Wake Forest,36,ACC,16.25,120.9,7,104.7,11,19,14
2017,Minnesota,37,B10,16.0,109.7,77,93.7,5,24,10
2017,Northwestern,38,B10,15.81,111.3,59,95.5,8,24,12
2017,Dayton,39,A10,15.57,111.9,53,96.3,7,24,8
2017,Michigan St.,40,B10,15.51,111.4,58,95.9,9,20,15
2017,Miami FL,42,ACC,15.03,109.9,76,94.9,8,21,12
2017,Middle Tennessee,43,CUSA,14.95,112.2,51,97.2,12,31,5
2017,Maryland,46,B10,14.34,113.1,41,98.7,6,24,9
2017,VCU,48,A10,14.07,110.1,72,96.0,10,26,9
2017,Virginia Tech,50,ACC,13.8,117.3,21,103.5,9,22,11
2017,Seton Hall,51,BE,13.63,109.4,84,95.8,9,21,12
2017,USC,53,P12,13.45,114.2,38,100.7,11,26,10
2017,Nevada,54,MWC,13.31,114.6,36,101.3,12,28,7
2017,Princeton,58,Ivy,12.61,109.0,89,96.4,12,23,7
2017,UNC Wilmington,59,CAA,12.46,118.0,19,105.5,12,29,6
2017,Providence,60,BE,12.43,108.5,101,96.0,11,20,13
2017,Vermont,63,AE,11.67,111.1,62,99.4,13,29,6
2017,East Tennessee St.,67,SC,11.1,108.0,106,96.9,13,27,8
2017,Bucknell,76,Pat,9.38,109.7,78,100.3,13,26,9
2017,New Mexico St.,84,WAC,7.89,110.5,70,102.6,14,28,6
2017,Florida Gulf Coast,108,ASun,5.07,109.4,83,104.4,14,26,8
2017,Winthrop,113,BSth,4.53,106.1,144,101.6,13,26,7
2017,Iona,117,MAAC,4.2,110.8,67,106.6,14,22,13
2017,Troy,137,SB,2.04,109.7,79,107.6,15,22,15
2017,Northern Kentucky,138,Horz,1.91,106.8,130,104.9,15,24,11
2017,Kent St.,141,MAC,1.68,104.9,159,103.3,14,22,14
2017,Jacksonville St.,157,OVC,0.63,105.8,147,105.2,15,20,15
2017,North Carolina Central,161,MEAC,0.36,102.2,214,101.9,16,25,9
2017,North Dakota,168,BSky,0.04,103.6,188,103.5,15,22,10
2017,New Orleans,178,Slnd,-0.52,101.3,235,101.8,16,20,12
2017,South Dakota St.,185,Sum,-1.19,110.2,71,111.4,16,18,17
2017,Mount St. Mary's,209,NEC,-3.86,99.5,269,103.4,16,20,16
2017,Texas Southern,212,SWAC,-4.04,103.5,189,107.5,16,23,12
2017,UC Davis,218,BW,-4.41,97.8,293,102.2,16,23,13
2018,Villanova,1,BE,33.76,127.8,1,94.0,1,36,4
2018,Virginia,2,ACC,29.53,115.2,30,85.6,1,31,3
2018,Duke,3,ACC,28.86,122.4,3,93.6,2,29,8
2018,Cincinnati,4,Amer,26.6,113.4,49,86.8,2,31,5
2018,Purdue,5,B10,26.27,122.7,2,96.4,2,30,7
2018,Michigan St.,6,B10,25.41,119.2,13,93.8,3,30,5
2018,Michigan,7,B10,24.2,114.7,35,90.5,3,33,8
2018,North Carolina,8,ACC,23.59,120.3,6,96.7,2,26,11
2018,Kansas,9,B12,23.49,120.9,5,97.4,1,31,8
2018,Gonzaga,10,WCC,23.03,118.1,14,95.1,4,32,5
2018,Texas Tech,11,B12,22.59,113.3,50,90.8,3,27,10
2018,West Virginia,12,B12,22.44,119.4,10,96.9,5,26,11
2018,Tennessee,13,SEC,22.27,114.6,36,92.4,3,26,9
2018,Clemson,14,ACC,21.65,114.2,44,92.6,5,25,10
2018,Xavier,15,BE,21.51,120.1,8,98.6,1,29,6
2018,Ohio St.,16,B10,21.16,116.0,23,94.9,5,25,9
2018,Kentucky,17,SEC,20.44,115.8,24,95.4,5,26,11
2018,Houston,18,Amer,20.24,114.6,38,94.4,6,27,8
2018,Butler,20,BE,19.05,116.2,22,97.2,10,21,14
2018,Wichita St.,21,Amer,19.03,121.0,4,101.9,4,25,8
2018,Florida,22,SEC,18.96,114.5,41,95.5,6,21,13
2018,Auburn,23,SEC,18.69,115.4,26,96.7,4,26,8
2018,TCU,24,B12,18.47,119.7,9,101.2,6,21,12
2018,Nevada,25,MWC,18.39,120.2,7,101.8,7,29,8
2018,Seton Hall,26,BE,18.04,116.9,17,98.8,8,22,12
2018,Florida St.,27,ACC,17.77,114.3,43,96.5,9,23,12
2018,Arizona,28,P12,17.7,118.0,15,100.4,4,27,8
2018,Texas A&M,29,SEC,16.96,111.3,66,94.4,7,22,13
2018,Creighton,30,BE,16.91,115.5,25,98.6,8,21,12
2018,Loyola Chicago,31,MVC,16.39,111.4,63,95.0,11,32,6
2018,Virginia Tech,33,ACC,16.03,115.3,28,99.3,8,21,12
2018,Texas,36,B12,15.43,109.5,89,94.1,10,19,15
2018,Miami FL,37,ACC,15.43,112.9,53,97.4,6,22,10
2018,Missouri,40,SEC,14.83,111.9,58,97.0,8,20,13
2018,Syracuse,41,ACC,14.82,107.0,135,92.2,11,23,14
2018,Kansas St.,42,B12,14.77,110.1,78,95.3,9,25,12
2018,Davidson,43,A10,14.7,117.0,16,102.3,12,21,12
2018,Arkansas,44,SEC,14.69,116.3,20,101.7,7,23,12
2018,N.C. State,46,ACC,14.52,116.3,21,101.8,9,21,12
2018,Oklahoma,48,B12,14.16,114.6,37,100.5,10,18,14
2018,Arizona St.,49,P12,14.13,116.7,18,102.6,11,20,12
2018,San Diego St.,50,MWC,14.09,110.5,77,96.4,11,22,11
2018,Rhode Island,52,A10,13.93,111.1,69,97.2,7,26,8
2018,UCLA,56,P12,13.52,115.0,31,101.4,11,21,12
2018,Alabama,57,SEC,13.41,108.7,106,95.2,9,20,16
2018,New Mexico St.,60,WAC,12.92,107.9,116,95.0,12,28,6
2018,Murray St.,62,OVC,12.19,112.9,54,100.7,12,26,6
2018,Providence,63,BE,12.17,108.9,100,96.7,10,21,14
2018,Buffalo,67,MAC,11.53,114.7,34,103.2,13,27,9
2018,St. Bonaventure,68,A10,11.21,110.8,74,99.5,11,26,8
2018,Montana,72,BSky,10.4,108.8,101,98.4,14,26,8
2018,South Dakota St.,78,Sum,10.2,113.8,47,103.6,12,28,7
2018,UNC Greensboro,82,SC,9.22,104.9,174,95.7,13,27,8
2018,Bucknell,97,Pat,7.31,109.5,90,102.2,14,25,10
2018,Georgia St.,101,SB,6.92,108.8,102,101.9,15,24,11
2018,Marshall,105,CUSA,6.53,109.4,93,102.9,13,25,11
2018,Stephen F. Austin,112,Slnd,5.58,104.5,181,99.0,14,28,7
2018,College of Charleston,115,CAA,5.16,108.7,105,103.6,13,26,8
2018,Penn,125,Ivy,3.69,103.1,208,99.4,16,24,9
2018,Wright St.,133,Horz,2.89,100.6,249,97.7,14,25,10
2018,Iona,137,MAAC,2.63,110.0,80,107.3,15,20,14
2018,Cal St. Fullerton,162,BW,0.62,103.7,192,103.1,15,20,12
2018,UMBC,166,AE,0.5,103.1,206,102.6,16,25,11
2018,Lipscomb,167,ASun,0.43,103.2,203,102.8,15,23,10
2018,Radford,170,BSth,0.07,102.9,212,102.9,16,23,13
2018,Texas Southern,243,SWAC,-6.65,104.6,180,111.2,16,16,20
2018,LIU Brooklyn,259,NEC,-8.27,102.3,220,110.6,16,18,17
2018,North Carolina Central,316,MEAC,-13.41,96.6,314,110.0,16,19,16
2019,Virginia,1,ACC,34.22,123.4,2,89.2,1,35,3
2019,Gonzaga,2,WCC,32.85,124.5,1,91.6,1,33,4
2019,Michigan St.,3,B10,30.81,121.0,5,90.2,2,32,7
2019,Duke,4,ACC,30.62,120.0,7,89.3,1,32,6
2019,Texas Tech,5,B12,30.03,114.1,25,84.1,3,31,7
2019,Michigan,6,B10,28.32,114.5,24,86.2,2,30,7
2019,North Carolina,7,ACC,27.69,119.7,8,92.0,1,29,7
2019,Kentucky,8,SEC,27.57,117.6,14,90.1,2,30,7
2019,Purdue,9,B10,26.81,122.5,4,95.6,3,26,10
2019,Tennessee,10,SEC,26.24,122.7,3,96.5,2,31,6
2019,Auburn,11,SEC,25.0,120.9,6,95.9,5,30,10
2019,Houston,12,Amer,24.13,115.3,19,91.2,3,33,4
2019,Virginia Tech,13,ACC,24.07,118.1,11,94.0,4,26,9
2019,Florida St.,14,ACC,22.39,112.8,36,90.4,4,29,8
2019,Iowa St.,15,B12,22.09,118.9,9,96.8,6,23,12
2019,Wisconsin,16,B10,21.94,110.4,62,88.5,5,23,11
2019,Kansas,17,B12,21.57,113.9,27,92.3,4,26,10
2019,Wofford,18,SC,20.69,118.1,10,97.4,7,30,5
2019,LSU,19,SEC,20.22,117.7,12,97.5,3,28,7
2019,Kansas St.,20,B12,20.06,108.4,98,88.4,4,25,9
2019,Mississippi St.,21,SEC,20.04,117.7,13,97.6,5,23,11
2019,Buffalo,22,MAC,19.85,115.2,21,95.4,6,32,4
2019,Louisville,23,ACC,19.35,113.7,28,94.4,7,20,14
2019,Maryland,24,B10,19.29,113.4,31,94.1,6,23,11
2019,Florida,26,SEC,18.3,110.5,61,92.2,10,20,16
2019,Nevada,27,MWC,18.18,114.0,26,95.9,7,29,5
2019,Oregon,28,P12,17.86,109.5,74,91.7,12,25,13
2019,Cincinnati,29,Amer,17.5,112.3,42,94.8,7,28,7
2019,Villanova,30,BE,17.33,116.5,16,99.2,6,26,10
2019,Saint Mary's,31,WCC,17.31,114.7,23,97.4,11,22,12
2019,Oklahoma,32,B12,16.94,111.1,57,94.1,9,20,14
2019,Marquette,33,BE,16.52,113.2,32,96.7,5,24,10
2019,UCF,34,Amer,16.51,112.1,44,95.6,9,24,9
2019,Baylor,35,B12,16.48,115.3,20,98.8,9,20,14
2019,Iowa,37,B10,16.02,117.4,15,101.3,10,23,12
2019,Utah St.,38,MWC,15.41,112.6,39,97.2,8,28,7
2019,Syracuse,39,ACC,15.13,110.5,59,95.3,8,20,14
2019,VCU,42,A10,14.89,104.3,177,89.5,8,25,8
2019,Ohio St.,44,B10,14.66,109.1,84,94.4,11,20,15
2019,Minnesota,46,B10,14.35,111.4,52,97.0,10,22,14
2019,Washington,48,P12,14.28,107.7,110,93.5,9,27,9
2019,Belmont,49,OVC,14.09,115.6,18,101.5,11,27,6
2019,Mississippi,50,SEC,13.98,113.2,33,99.2,8,20,13
2019,Murray St.,51,OVC,13.83,112.5,41,98.6,12,28,5
2019,New Mexico St.,53,WAC,13.62,113.0,35,99.3,12,30,5
2019,Arizona St.,57,P12,11.55,109.7,73,98.2,11,23,11
2019,Liberty,58,ASun,11.54,111.1,54,99.6,12,29,7
2019,Seton Hall,60,BE,11.5,109.0,87,97.5,10,20,14
2019,Temple,69,Amer,9.72,109.2,80,99.5,11,23,10
2019,UC Irvine,73,BW,9.16,107.4,118,98.2,13,31,6
2019,Vermont,76,AE,8.86,108.5,97,99.6,13,27,7
2019,Yale,77,Ivy,8.79,111.6,51,102.8,14,22,8
2019,St. John's,88,BE,7.61,108.6,92,101.0,11,21,13
2019,Northeastern,89,CAA,7.59,111.0,58,103.4,13,23,11
2019,Northern Kentucky,96,Horz,7.14,109.4,76,102.3,14,26,9
2019,Saint Louis,106,A10,6.02,102.2,214,96.2,13,23,13
2019,Old Dominion,113,CUSA,5.45,101.4,238,96.0,14,26,9
2019,Georgia St.,124,SB,4.85,107.7,111,102.8,14,24,10
2019,Colgate,126,Pat,4.6,110.5,60,105.9,15,24,11
2019,Montana,137,BSky,3.53,107.4,114,103.9,15,26,9
2019,Abilene Christian,152,Slnd,1.35,103.4,196,102.0,15,27,7
2019,Bradley,161,MVC,0.09,101.5,234,101.4,15,20,15
2019,Gardner Webb,163,BSth,-0.04,107.8,109,107.8,16,23,12
2019,Iona,198,MAAC,-2.88,106.9,129,109.7,16,17,16
2019,North Dakota St.,202,Sum,-3.2,107.4,117,110.6,16,19,16
2019,Prairie View A&M,209,SWAC,-4.13,102.1,219,106.2,16,22,13
2019,Fairleigh Dickinson,211,NEC,-4.22,106.5,139,110.7,16,21,14
2019,North Carolina Central,303,MEAC,-11.55,97.8,295,109.3,16,18,16
2021,Gonzaga,1,WCC,36.48,126.4,1,89.9,1,31,1
2021,Baylor,2,B12,33.87,125.0,2,91.1,1,28,2
2021,Michigan,3,B10,29.67,117.6,9,87.9,1,23,5
2021,Illinois,4,B10,29.06,118.0,8,88.9,1,24,7
2021,Houston,5,Amer,28.75,118.3,7,89.6,2,28,4
2021,USC,6,P12,27.58,115.7,14,88.1,6,25,8
2021,Iowa,7,B10,26.87,123.5,3,96.7,2,22,9
2021,Colorado,8,P12,25.1,116.3,13,91.2,5,23,9
2021,Alabama,9,SEC,25.09,112.9,30,87.8,2,26,7
2021,Loyola Chicago,10,MVC,24.32,111.3,41,87.0,8,26,5
2021,Ohio St.,11,B10,23.58,120.7,4,97.1,2,21,10
2021,Villanova,12,BE,23.02,119.0,6,96.0,5,18,7
2021,UCLA,13,P12,22.43,116.9,11,94.5,11,22,10
2021,Wisconsin,14,B10,22.4,113.0,29,90.6,9,18,13
2021,Florida St.,15,ACC,22.12,114.9,16,92.8,4,18,7
2021,Oregon,16,P12,21.85,117.2,10,95.4,7,21,7
2021,Texas Tech,17,B12,21.81,112.7,32,90.9,6,18,11
2021,Arkansas,18,SEC,21.56,111.1,43,89.6,3,25,7
2021,Virginia,19,ACC,21.42,114.7,17,93.3,4,18,7
2021,BYU,20,WCC,21.12,113.7,23,92.5,6,20,7
2021,Connecticut,21,BE,20.61,113.1,27,92.5,7,15,8
2021,Creighton,22,BE,20.59,113.4,25,92.8,5,22,9
2021,West Virginia,23,B12,20.51,116.8,12,96.3,3,19,10
2021,LSU,24,SEC,20.35,120.1,5,99.8,8,19,10
2021,Purdue,25,B10,20.33,113.3,26,92.9,4,18,10
2021,Texas,26,B12,20.31,113.1,28,92.8,3,19,8
2021,Kansas,27,B12,19.98,110.1,54,90.2,3,21,9
2021,Tennessee,28,SEC,19.95,108.0,85,88.1,5,18,9
2021,San Diego St.,30,MWC,19.88,111.0,45,91.1,6,23,5
2021,St. Bonaventure,32,A10,19.04,110.0,55,91.0,9,16,5
2021,Oklahoma St.,33,B12,18.95,109.6,60,90.7,4,21,9
2021,North Carolina,34,ACC,18.62,110.3,52,91.7,8,18,11
2021,Maryland,35,B10,17.63,111.8,37,94.1,10,17,14
2021,Georgia Tech,37,ACC,17.5,113.7,22,96.2,9,17,9
2021,Rutgers,38,B10,17.48,108.1,82,90.6,10,16,12
2021,Oklahoma,39,B12,17.06,112.1,35,95.1,8,16,11
2021,Florida,41,SEC,16.95,111.0,44,94.1,7,15,10
2021,Syracuse,42,ACC,16.75,113.7,24,96.9,11,18,10
2021,Oregon St.,43,P12,16.4,112.1,36,95.7,12,20,13
2021,Clemson,45,ACC,15.48,106.4,107,90.9,7,16,8
2021,Utah St.,46,MWC,15.34,104.8,126,89.5,11,20,9
2021,Missouri,47,SEC,15.14,110.6,49,95.5,9,16,10
2021,VCU,48,A10,15.04,105.2,122,90.2,10,19,7
2021,Virginia Tech,52,ACC,14.44,109.7,59,95.3,10,15,7
2021,Drake,55,MVC,14.27,112.5,33,98.2,11,26,5
2021,UC Santa Barbara,58,BW,13.63,109.9,56,96.2,12,22,5
2021,Georgetown,63,BE,12.91,107.9,87,95.0,12,13,13
2021,Michigan St.,64,B10,12.9,107.1,98,94.2,11,15,13
2021,Wichita St.,68,Amer,12.3,109.5,61,97.2,11,16,6
2021,North Texas,72,CUSA,11.76,106.7,101,95.0,13,18,10
2021,Ohio,81,MAC,10.47,111.4,40,100.9,13,17,8
2021,Abilene Christian,84,Slnd,10.11,101.7,184,91.6,14,24,5
2021,Colgate,89,Pat,9.25,110.3,53,101.0,14,14,2
2021,Liberty,98,ASun,8.6,109.8,58,101.2,13,23,6
2021,Winthrop,101,BSth,8.48,105.0,124,96.5,12,23,2
2021,Grand Canyon,103,WAC,8.32,105.4,121,97.1,15,17,7
2021,Eastern Washington,105,BSky,8.19,109.5,62,101.3,14,16,8
2021,UNC Greensboro,108,SC,7.79,103.6,146,95.8,13,21,9
2021,Oral Roberts,125,Sum,4.83,109.3,66,104.4,15,18,11
2021,Morehead St.,134,OVC,3.19,100.6,205,97.4,14,23,8
2021,Drexel,158,CAA,0.67,106.5,104,105.8,16,12,8
2021,Cleveland St.,169,Horz,-0.13,100.6,206,100.7,15,19,8
2021,Iona,178,MAAC,-0.78,100.2,217,101.0,15,12,6
2021,Hartford,194,AE,-2.98,97.0,271,100.0,16,15,9
2021,Texas Southern,208,SWAC,-4.37,99.8,221,104.2,16,17,9
2021,Norfolk St.,210,MEAC,-4.47,99.1,234,103.6,16,17,8
2021,Appalachian St.,212,SB,-4.71,98.4,245,103.1,16,17,12
2021,Mount St. Mary's,237,NEC,-6.62,94.5,301,101.1,16,12,11
2022,Gonzaga,1,WCC,32.97,121.8,1,88.8,1,26,3
2022,Arizona,2,P12,27.21,119.6,5,92.4,1,31,3
2022,Kentucky,3,SEC,26.59,120.2,4,93.6,2,26,7
2022,Houston,4,Amer,26.5,117.3,10,90.9,5,29,5
2022,Baylor,5,B12,26.32,117.9,9,91.6,1,26,6
2022,Kansas,6,B12,25.49,119.4,6,93.9,1,28,6
2022,Tennessee,7,SEC,25.24,111.4,36,86.2,3,26,7
2022,UCLA,8,P12,24.85,116.1,15,91.2,4,25,7
2022,Texas Tech,9,B12,24.64,109.7,65,85.1,3,25,9
2022,Auburn,10,SEC,24.45,113.6,24,89.1,2,27,5
2022,Villanova,11,BE,24.11,118.0,8,93.8,2,26,7
2022,Duke,12,ACC,23.71,119.4,7,95.7,2,28,6
2022,Iowa,13,B10,23.53,121.5,2,98.0,5,26,9
2022,Purdue,14,B10,22.29,121.3,3,99.0,3,27,7
2022,Texas,15,B12,20.41,111.8,32,91.4,6,21,11
2022,Saint Mary's,16,WCC,19.81,109.8,63,90.0,5,25,7
2022,Illinois,17,B10,19.59,113.7,23,94.1,4,22,9
2022,Connecticut,18,BE,19.33,113.9,21,94.6,5,23,9
2022,LSU,19,SEC,19.08,107.6,89,88.6,6,22,11
2022,Arkansas,20,SEC,19.02,111.1,40,92.1,4,25,8
2022,San Francisco,21,WCC,18.37,110.8,45,92.4,10,24,9
2022,San Diego St.,22,MWC,18.15,104.1,157,85.9,8,23,8
2022,Virginia Tech,23,ACC,17.86,114.3,18,96.4,11,23,12
2022,Loyola Chicago,24,MVC,17.69,110.9,42,93.2,10,25,7
2022,Alabama,25,SEC,17.36,116.1,14,98.7,6,19,13
2022,Boise St.,26,MWC,16.41,108.5,76,92.1,8,27,7
2022,Murray St.,27,OVC,16.39,111.5,35,95.1,7,30,2
2022,Memphis,28,Amer,16.22,110.4,50,94.1,9,21,10
2022,North Carolina,29,ACC,16.04,113.1,27,97.0,8,24,9
2022,Colorado St.,31,MWC,15.86,114.2,20,98.3,6,25,5
2022,Ohio St.,32,B10,15.82,116.6,13,100.8,7,19,11
2022,Michigan,33,B10,15.65,114.2,19,98.6,11,17,14
2022,Wisconsin,34,B10,15.58,110.4,49,94.8,3,24,7
2022,Seton Hall,35,BE,14.97,108.5,75,93.5,8,21,10
2022,Indiana,36,B10,14.94,107.6,91,92.6,12,20,13
2022,TCU,38,B12,14.91,108.2,80,93.3,9,20,12
2022,Michigan St.,40,B10,14.87,111.3,38,96.4,7,22,12
2022,Davidson,41,A10,14.8,116.8,11,102.0,10,27,6
2022,USC,42,P12,14.45,110.5,47,96.0,7,26,7
2022,UAB,46,CUSA,14.03,112.5,28,98.5,12,27,7
2022,Marquette,47,BE,14.0,109.8,62,95.8,9,19,12
2022,Iowa St.,48,B12,13.95,104.4,151,90.4,11,20,12
2022,Providence,49,BE,13.88,111.9,31,98.0,4,25,5
2022,Notre Dame,52,ACC,13.63,112.0,29,98.4,11,22,10
2022,Creighton,53,BE,13.47,105.6,124,92.1,9,22,11
2022,Wyoming,58,MWC,13.1,110.2,54,97.1,12,25,8
2022,Vermont,59,AE,13.07,110.8,44,97.7,13,28,5
2022,Miami FL,62,ACC,12.62,114.8,17,102.1,10,23,10
2022,South Dakota St.,71,Sum,11.44,116.8,12,105.3,13,30,4
2022,Chattanooga,72,SC,11.27,110.0,58,98.8,13,27,7
2022,Rutgers,74,B10,10.86,106.4,107,95.5,11,18,13
2022,New Mexico St.,81,WAC,10.1,107.8,87,97.7,12,26,6
2022,Richmond,83,A10,9.82,109.1,68,99.3,12,23,12
2022,Saint Peter's,118,MAAC,4.28,98.8,259,94.5,15,19,11
2022,Colgate,119,Pat,4.22,108.3,79,104.1,14,23,11
2022,Montana St.,125,BSky,3.81,104.5,147,100.7,14,27,7
2022,Akron,131,MAC,3.49,106.2,113,102.7,13,24,9
2022,Longwood,144,BSth,2.48,106.1,115,103.6,14,26,6
2022,Delaware,145,CAA,2.28,106.8,100,104.6,15,22,12
2022,Jacksonville St.,146,ASun,2.24,105.3,132,103.1,15,21,10
2022,Yale,147,Ivy,2.23,101.5,203,99.2,14,19,11
2022,Cal St. Fullerton,149,BW,2.1,104.7,144,102.6,15,21,10
2022,Georgia St.,151,SB,1.84,101.5,201,99.7,16,18,10
2022,Norfolk St.,168,MEAC,0.15,102.4,190,102.3,16,24,6
2022,Wright St.,182,Horz,-0.87,106.4,108,107.2,16,21,13
2022,Bryant,183,NEC,-0.95,104.2,154,105.2,16,22,9
2022,Texas Southern,188,SWAC,-1.33,98.1,270,99.4,16,18,12
2022,Texas A&M Corpus Chris,243,Slnd,-6.31,97.0,287,103.3,16,23,11
